insert into job(job_id, name, description) values
                                               ('10112', '스마트공장 기술자', '스마트공장 기술자는 제품의 전 생산과정을 사물인터넷(IoT)과 인공지능(AI), 빅 데이터 등 정보통신기술(ICT)로 통합해서 디지털화된 공장을 만들고 운용합니다.'),
                                               ('10111', '핀테크 전문가', '핀테크 전문가는 금융 서비스에 정보기술을 적용하기 위한 방안을 제시하고 효율적인 핀테크 서비스를 제공하는 시스템을 구축하고 운영합니다.'),
                                               ('10110', '양자 컴퓨팅 기술자', '양자 컴퓨팅 기술자는 양자 물리학의 지식을 이용해서 기존 컴퓨터보다 빠르게 계산할 수 있는 양자 컴퓨터를 개발하고 운용합니다.'),
                                               ('10109', '나노공학 기술자', '나노공학 기술자는 나노미터(1 나노는 10억 분의 1m)를 탐구하는 나노기술을 활용하여 전자(소자), 바이오, 소재, 공장장비 및 측정 기기 등을 개발하고 관리합니다.'),
                                               ('10108', '배터리 기술자', '배터리 기술자는 2차 전지의 기본 단위가 되는 배터리 셀을 비롯하여 각종 배터리 부품을 설계하고, 제품 생산 과정을 관리합니다.'),
                                               ('10107', '디스플레이 개발자', '디스플레이 개발자는 컴퓨터나 TV 화면으로 사용되는 디스플레이의 제조 설비를 개발하고, 공정상 발생하는 문제점을 해결합니다.'),
                                               ('10102', '감성인식기술전문가', '인간의 감성을 컴퓨터가 인식할 수 있는 기술을 개발합니다.'),
                                               ('10103', '개인형 이동수단 개발자', '전기자동차, 전동 퀵보드 등 전기를 동력으로 하는 1인용 이동 수단을 연구하고 개발합니다.'),
                                               ('10104', '유전자 재조합 식품 전문가', '유전자 재조합 기술을 이용하여 새로운 식품을 개발하고, 안전성을 검토합니다.'),
                                               ('10105', '태양광발전연구 및 개발자', '태양 빛을 이용하여 전기를 발생시키는 장치를 연구하고 태양광 발전에 필요한 각종 장비를 개발합니다.'),
                                               ('10106', '스마트팜 운영자', '농사 기술에 정보통신기술(ICT)을 결합한 스마트 팜(농장)에서 농사를 운영합니다.'),
                                               ('10101', '메타버스 크리에이터', '메타버스 플랫폼에서 제공하는 제작 툴을 사용하여 단일 아이템을 주로 제작하고 판매합니다.'),
                                               ('262', '기자', '기자는 우리 주변에서 일어나는 각종 사고ㆍ사건, 정치ㆍ경제 소식, 생활 정보 등을 신문, 잡지, 라디오, TV, 인터넷 등을 통해 일반인에게 신속하게 알려 주는 일을 합니다.'),
                                               ('1151', '종이제품생산직(기계조작)', '종이제품생산직(기계조작)은 종이 가방, 상자, 종이컵 등의 종이 제품을 생산하기 위해 각종 기계를 조작하는 일을 담당합니다.'),
                                               ('132', '철도 및 지하철기관사', '철도 및 지하철기관사는 승객과 화물을 목적지까지 안전하게 수송하기 위해 각각 철도 열차와 지하철의 운행을 담당합니다.'),
                                               ('951', '행사기획자', '행사기획자는 기업을 홍보하거나 지역 진흥을 위한 전시회, 시사회, 축제, 자동차 시승회, 국제회의 등 다양한 행사의 기획 및 섭외, 실행을 합니다.'),
                                               ('1', '가스ㆍ수도ㆍ전기 계기 검침원 및 안전점검원', '가스&middot;수도&middot;전기 계기 검침원 및 안전점검원은 정기적으로 담당 가구나 업소에 방문해서 가스, 수도, 전력 사용량을 검침하고 기록하는 업무를 수행합니다.'),
                                               ('380', '상담전문가', '상담전문가는 성격, 정서, 관계, 진로 및 정신적 증상 등에 대해서 어려움을 겪고 있거나 그러한 어려움을 해결하고자 하는 사람에게 심리검사, 상담 프로그램 등을 활용하여 문제 해결을 돕고 지원합니다.'),
                                               ('10059', '평등관리사무원', '평등관리사무원은 일반인들이 다른 문화에 대한 바른 이해와 태도를 가질 수 있도록 하고, 다른 문화권 사람들이 공정한 대우를 받을 수 있도록 돕습니다.'),
                                               ('264', '통역가', '통역가는 외국인의 대화나 발표를 우리말로 전달하거나, 우리말을 외국어로 전달합니다.'),
                                               ('1152', '가구조립 및 검사원', '가구조립 및 검사원은 여러 형태의 가구를 조립하고 조립을 완성한 가구제품의 결함 여부를 검사하는 일을 담당합니다.'),
                                               ('133', '철도차량정비원', '철도차량정비원은 철도 열차의 본체, 객차 또는 지하철의 주요 부분과 바퀴 등을 정비 및 점검하고 고장 부위를 수리하는 일을 담당합니다.'),
                                               ('952', '화학공학기술자', '화학공학기술자 및 연구원은 석유, 광물, 나무 등 천연자원을 이용해 일상생활에 필요한 화장품, 비누, 섬유, 의약, 고무, 플라스틱 등 화학제품을 만드는 공정을 연구하거나, 화학제품을 생산하기 위한 설비 시스템 및 관련 정보를 연구, 설계, 개발하는 일을 합니다.'),
                                               ('5', '일기예보관', '일기예보관은 각종 기상 관측 자료의 분석을 바탕으로 일기예보와 기상현상에 대한 주의보, 경보, 기상 전망을 발표하는 업무를 수행합니다.'),
                                               ('383', '우편물집배원', '우편물집배원은 우편물을 표시된 주소에 전달하는 일을 담당합니다.'),
                                               ('10060', '애견테라피스트', '애견테라피스트는 반려동물의 질병이나 마음의 상처를 예방하고 건강을 유지하는 방법에 대해 조언해 줍니다.'),
                                               ('265', '리포터', '리포터는 뉴스나 시사 문제 등을 취재하여 라디오, TV, 케이블, 인터넷 방송 등에 기사 내용을 전달하는 일을 담당합니다.'),
                                               ('1153', '포장원', '포장원은 품질검사가 완료된 제품을 운반하고, 포장기계를 작동하여 제품을 포장하는 일을 담당합니다.'),
                                               ('137', '토목공학기술자', '토목공학기술자는 국가 기반 시설인 도로, 철도, 교량, 터널, 항만, 상하수도, 댐 등을 계획 및 설계하고 시공합니다.'),
                                               ('954', '화훼재배기술자', '화훼재배기술자는 여러 품종의 과목, 교목, 꽃 등의 화훼 작물을 육성 및 재배하고 관리하는 일을 담당합니다.'),
                                               ('6', '기상연구원', '기상연구원은 각종 기상 관측 자료를 분석하여 정확하게 일기예보를 할 수 있는 방법을 연구하고 개발합니다.'),
                                               ('384', '성직자', '성직자는 신자들에게 정신적, 도덕적 지도를 하며 교리 해설과 설교를 하고 종교의식을 거행합니다.'),
                                               ('10061', '유전상담사', '유전상담사는 환자와 가족들에게 유전 관련 정보를 제공하여 의학적, 사회적, 심리적 측면에서 유전질환을 충분히 이해하고 적절한 대응 방법을 선택할 수 있도록 도와줍니다.'),
                                               ('266', '드라마작가', '드라마작가는 라디오나 텔레비전 드라마에 필요한 대본을 창작하고 글을 쓰는 일을 담당합니다.'),
                                               ('1154', '채소 및 특용작물재배자', '채소 및 특용작물재배자는 상추, 배추, 쑥갓 등 채소 작물과 인삼 등의 특용작물을 재배하고 수확하는 일을 합니다.'),
                                               ('138', '통신공학 기술자 및 연구원', '통신공학 기술자 및 연구원은 물리학, 수학 및 컴퓨터의 구조와 원리에 대한 전문 지식을 바탕으로 통신 장비의 설계, 생산 업무를 관리 및 감독합니다.'),
                                               ('957', '평론가', '평론가는 미술 전람회, 음악 연주회, 연극 공연, 영화 시사회 등에 참석하거나 TV 방송 프로그램을 보고 이에 대한 감상이나 비평을 작성합니다.'),
                                               ('8', '물리학연구원', '물리학연구원은 자연현상의 기본 법칙을 규명하여 합리적으로 설명, 예측하고, 물리학적 원리와 기법을 산업, 의료, 군사 분야 등에 응용하기 위한 연구를 수행합니다.'),
                                               ('385', '소방관', '소방관은 화재 및 사고를 예방하고, 화재, 사고 혹은 재난이 발생했을 경우 진화 작업, 긴급 구조, 구급 출동 등을 통해 사람을 구조하고 재산을 보호합니다.'),
                                               ('10062', '학습장애간호사', '학습장애간호사는 학습(발달)장애가 있는 사람이나 기타 도움이 필요한 사람들이 일상생활을 유지할 수 있도록 돕고, 이들에게 필요한 치료를 제공합니다.'),
                                               ('267', '번역가', '번역가는 외국어로 쓰인 문서, 보고서 또는 전문 서적 등을 우리말로 옮기거나 우리말을 외국어로 옮기는 작업을 전문적으로 합니다.'),
                                               ('1155', '과수작물재배자', '과수작물재배자는 사과, 배, 감귤 등의 과수 작물을 재배하고 수확하는 일을 합니다.'),
                                               ('139', '통신케이블설치 및 수리원', '통신케이블설치 및 수리원은 통신망의 기초가 되는 통신선로를 전선, 다리, 선로 등에 시설하고, 정기적으로 유지하고 보수하는 일을 담당합니다.'),
                                               ('963', '원예기술자', '원예기술자는 새로운 품종의 채소, 화훼 등을 기르고, 재배하고, 관리하는 일을 담당합니다.'),
                                               ('10', '방사선사', '방사선사는 의사를 보조하여 신체의 질병, 장애를 진단하기 위해 각종 방사선 장비를 조작하고, 방사성물질을 이용하여 치료하는 업무를 수행합니다.'),
                                               ('386', '언어치료사', '언어치료사는 언어장애의 증상과 원인을 진단하고, 이에 대한 치료 계획을 세워 환자를 치료합니다.'),
                                               ('10063', '사설탐정', '범죄를 확인하고 법정 소송에 필요한 정보를 얻기 위하여 용의자, 범죄 사실, 혹은 권리 침해 사항에 관한 정보를 얻고 분석합니다.'),
                                               ('268', '사서', '사서는 각 기관의 도서관과 자료실에서 도서 및 자료를 배치하고 보관하며 이용자가 자료를 편리하게 열람 및 대출할 수 있도록 지원합니다.'),
                                               ('1156', '조림 영림 및 벌목원', '조림 영림 및 벌목원은 숲에 나무를 심어 가꾸며, 각기의 용도에 따라 사용할 나무를 베는 벌목 작업을 담당하기도 합니다.'),
                                               ('140', '통신장비기사', '통신장비기사는 무선중계기시스템, 유선통신장비, 무선통신장비, 위성통신장비 등의 장비를 유지하고 관리하며 운용합니다.'),
                                               ('966', '안무가', '안무가는 무대, 영화, 텔레비전 등의 공연을 위해 공연의 주제에 맞춰 춤을 고안하고, 무용수들에게 춤을 가르치는 일을 담당합니다.'),
                                               ('13', '생물학연구원', '생물학연구원은 생명체에 대한 기원, 발달, 구조, 해부, 환경 등에 대해 연구하고, 연구 결과를 의학, 농업 등 다른 분야에 적용하거나 응용하는 방법을 연구, 개발합니다.'),
                                               ('388', '여행안내원', '여행안내원은 국내외를 여행하는 개인이나 단체 여행객을 대상으로 쾌적하고 보람 있는 여행을 할 수 있도록 도와주는 모든 업무를 담당합니다.'),
                                               ('10064', '범죄과학수사관', '지문, 글씨체, 문서, 통신, 의료, 생화학, 또는 금속 분야 등의 영역에서 전문가로서의 역할을 수행하거나 타 분야의 전문가와 협의하여 범죄 과정을 추리합니다.'),
                                               ('269', '정치학연구원', '정치학연구원은 정치제도, 정치운동, 국제정치 상황 등의 연구를 통해 정치 이론을 정립 및 발전시키며 관련 자료를 분석하여 정부, 정당 및 기타 단체에게 정치 관련 자문을 하기도 합니다.'),
                                               ('1157', '원양어부', '원양어부는 먼바다로 나아가 참치, 대구 등의 물고기를 잡습니다.'),
                                               ('142', '트럭운전기사', '트럭운전기사는 각종 화물을 수송하기 위해 트럭을 운전하는 일을 담당합니다.'),
                                               ('968', '시인', '시인은 자연, 인생 등 여러 현상에 대한 인간의 사상과 감정을 운율이 있는 언어로 표현합니다.'),
                                               ('15', '수의사', '수의사는 개, 고양이, 소, 돼지, 물고기, 어패류 등 동물의 질병과 상해를 예방, 진단, 처방, 치료하고 자문하며 연구하는 업무를 수행합니다.'),
                                               ('390', '신호원 및 수송원', '신호원 및 수송원은 철도 교통이 원활하고 효율적으로 운행될 수 있도록 신호기 등을 조작하고, 수신호나 깃발 신호로 열차의 속도나 정지 등을 조정합니다.'),
                                               ('10065', '야외활동지도사', '전문적인 장비와 기술이 필요한 레저스포츠를 안전하게 즐길 수 있도록 지도합니다.'),
                                               ('270', '성우', '성우는 라디오, 텔레비전, 영화녹음 등에서 연기의 감정을 자신의 목소리에 실어 연기합니다.'),
                                               ('1158', '자동조립라인 및 산업용로봇조작원', '자동조립라인 및 산업용로봇조작원은 생산 현장의 자동 또는 반자동 조립라인을 조작하거나 산업용 로봇을 조작하는 일을 담당한다.'),
                                               ('143', '판금원', '판금원은 철판, 알루미늄, 동, 주석 등과 같은 얇은 금속판을 가공하여 자동차, 선박, 가전제품 등에 사용되는 각종 금속제품을 제작합니다.'),
                                               ('973', '소설가', '소설가는 소설의 주제를 결정하고 그 주제를 가장 효과적으로 나타낼 수 있는 소재들을 찾아 적절하게 구성하여 예술적으로 표현합니다.'),
                                               ('17', '수학연구원', '수학연구원은 수학적 지식과 이론에 대해 연구하며, 수학적 이론과 기법을 활용하여 경제학, 과학, 공학 등의 문제를 해결하기 위한 연구를 수행합니다.'),
                                               ('391', '운동경기심판', '운동경기심판은 각종 운동경기의 규칙을 적용하여 경기를 진행하는 일을 담당합니다.'),
                                               ('10066', '스포츠기록분석연구원', '스포츠기록분석연구원은 각종 스포츠 경기의 모든 요소들을 수치적 데이터로 기록하고 이를 분석하는 일을 전문적으로 수행하는 사람을 말합니다.'),
                                               ('271', '아나운서', '아나운서는 라디오와 텔레비전 방송을 통하여 각종 정보를 전달하고 프로그램을 진행합니다.'),
                                               ('1255', '수질환경연구원', '수질환경연구원은 지역의 수질오염 상태를 측정하고, 연구와 실험분석을 통해 수질오염 개선 및 방지에 대한 대책을 연구합니다.'),
                                               ('144', '펄프 및 종이 생산직', '펄프 및 종이 생산직은 각종 식물성 물질, 섬유, 펄프 등을 가공하여 종이나 판지 등을 생산하는 기계를 조작합니다.'),
                                               ('975', '사진사', '사진사는 각종 카메라와 보조 장비를 이용하여 인물, 사물 및 자연 풍경 등을 촬영한 다음, 필름을 현상하고 사진을 인화, 수정, 완성합니다.'),
                                               ('19', '의료장비기사', '의료장비기사는 병원에서 사용되는 의료 장비의 성능을 개선하거나 새로운 장비를 연구하고 개발하는 업무를 수행합니다.'),
                                               ('392', '스포츠트레이너', '스포츠트레이너는 운동선수들의 건강상태를 확인하고 선수들이 경기에서 최상의 컨디션을 발휘할 수 있도록 조언하고 훈련을 시킵니다.'),
                                               ('10067', '비디오게임디자이너', '비디오게임디자이너는 게임의 줄거리, 등장인물의 캐릭터, 행적에 대한 이야기의 틀을 잡습니다. 또한 하나 또는 다수의 캐릭터 입장에서 진행되는 이야기인 롤플레잉 방법(role-play mechanics)을 구체화합니다.'),
                                               ('272', '언어학연구원', '언어학연구원은 언어를 과학적 연구 방법을 통해 특정 언어나 언어 집단의 구조, 변천, 발달 과정을 객관적, 체계적으로 연구합니다.'),
                                               ('1256', '커플매니저', '커플매니저는 결혼을 전제로 이성과의 교제를 계획하는 남녀 고객들에게 각자의 이상에 적합한 배우자를 찾아 그들의 만남을 주선하는 일을 담당합니다.'),
                                               ('145', '재활용 처리 및 소각로 조작원', '재활용 처리 및 소각로 조작원은 일반 및 산업 폐기물을 처리하는 소각로를 조작하는 일을 합니다.'),
                                               ('976', '사진기자', '사진기자는 신문이나 잡지 등에 게재되는 뉴스, 스포츠, 연예 등 관련 분야의 현장 보도사진을 찍습니다.'),
                                               ('20', '심리학연구원', '심리학연구원은 인간의 행동과 정신적 과정을 과학적으로 연구하고, 연구 결과를 의학, 교육, 산업 현장에 적용할 수 있는 심리학적 지식과 정보를 제공합니다.'),
                                               ('395', '유치원교사', '유치원교사는 학교에 입학하기 전인 아동에게 필요한 교육을 합니다.'),
                                               ('10068', '게임감시관 및 조사관', '직원 및 고객의 부정행위 또는 도난 등과 같은 카지노호텔의 비정상적 활동을 감시하고 사전에 예방하는 역할을 수행합니다.'),
                                               ('273', '역사학연구원', '역사학연구원은 선사시대부터 현대에 이르기까지 정치, 경제, 사회, 문화 등 인간 활동에 대해 조사하고 그와 관련한 역사적 사실을 기록하고 연구합니다.'),
                                               ('1257', '병원코디네이터', '병원코디네이터는 양질의 의료서비스를 제공하기 위해 환자 상담과 지속적 관리, 직원 친절 서비스 교육, 병원 이미지 개선을 위한 일을 합니다.'),
                                               ('147', '플라스틱제품제조원', '플라스틱제품제조원은 각종 플라스틱 제품을 제작하기 위해 여러 화학 재료를 혼합 및 가공하는 기기 및 장치를 조작합니다.'),
                                               ('978', '보일러공', '보일러공은 산업용 및 건물 난방용 보일러를 설치하고, 고장 난 보일러를 수리하는 일을 담당합니다.'),
                                               ('21', '안경사', '안경사는 고객에게 안경과 콘택트렌즈를 처방하고 맞추며, 시력 보조 기구의 사용법을 알려줍니다.'),
                                               ('396', '음악치료사', '음악치료사는 음악을 이용해 사람의 신체와 정신을 치료하는 일을 합니다.'),
                                               ('10069', '목소리코치', '기업 대표, 정치인 등 대중을 상대로 연설이나 발표를 자주 해야 하는 사람이 자신감 있게 말할 수 있도록 지도합니다.'),
                                               ('278', '카피라이터', '카피라이터는 기발한 아이디어나 감수성으로 특정 상품이나 서비스가 일반인들에게 쉽게 기억될 수 있는 광고 문구나 문안을 작성하는 일을 담당합니다.'),
                                               ('1259', '마술사', '마술사는 재빠른 손 기술, 카드, 동전, 마술 상자 등을 사용하여 신기한 속임수를 개발하고, 무대에 올라 관중들 앞에서 다양한 마술 공연을 합니다.'),
                                               ('148', '항공교통관제사', '항공교통관제사는 항공기의 안전한 이착륙을 돕기 위하여 비행기조종사에게 기상, 풍속 등의 정보를 제공하고 항공교통을 지휘합니다.'),
                                               ('985', '공업기계설치 및 정비원', '공업기계설치 및 정비원은 각종 제품 생산에 사용되는 기계를 설치하고, 기계의 고장을 확인하여 이를 수리합니다.'),
                                               ('23', '약사 및 한약사', '약사는 의사의 처방전이나 공인된 조제 방법에 의해 약을 조제하고, 환자나 보호자를 대상으로 질병 치료와 건강 유지에 대한 상담 업무를 수행하며, 한약사는 한약 및 한약제제의 생산, 제조, 조제, 유통, 가공, 연구, 판매 등의 업무를 수행합니다.'),
                                               ('397', '응급구조사', '응급환자가 발생한 현장에서 구조 업무를 하며, 법령에 정해진 범위 내에서 현장의 응급처치, 환자의 이송을 담당합니다.'),
                                               ('10070', '무인항공촬영감독', '무인항공촬영감독은 소형카메라가 장착된 무인 조종 비행체인 헬리 캠을 조정하여 영화, 드라마, 광고의 스틸 영상이나 동영상을 촬영하는 전 과정을 기획하고 실행합니다.'),
                                               ('280', '가수', '가수는 악단이나 녹음된 반주에 맞추어 공연장이나 콘서트 무대에서 대중적인 노래나 고전음악, 국악 및 가곡을 노래합니다.'),
                                               ('1276', '파티플래너', '파티플래너는 효과적인 파티 진행을 위하여 기획&middot;운영&middot;연출&middot;홍보 등 파티의 전체 과정을 총괄합니다.'),
                                               ('149', '항공기정비원', '항공기정비원은 항공기의 안전 운행을 위해 항공기의 동체 및 엔진, 계기 등을 조립, 조정, 정비합니다.'),
                                               ('988', '인문사회계열교수', '인문사회계열교수는 대학에서 인문사회계열 과목을 강의하고 시험, 보고서 등을 통해 학생들을 지도하며 자신의 전공 분야에 대한 지속적인 연구 활동을 합니다.'),
                                               ('24', '유전공학연구원', '유전공학연구원은 생명현상의 기본 물질인 유전자를 재조합하여 인류에게 유익한 의약물질, 기능성물질 등을 생산하고, 새로운 형질의 생명체를 창출, 실용화하는 첨단 기술에 대해 연구합니다.'),
                                               ('398', '임상심리사', '임상심리사는 정신적인 어려움이 있는 사람에게 심리 평가를 실시하며 몸과 마음의 건강 증진을 돕습니다.'),
                                               ('10071', '동물랭글러', '동물랭글러는 영화나 드라마, 텔레비전 프로그램, 광고 등에 출연하는 동물을 섭외하고 훈련시킵니다.'),
                                               ('281', '개그맨', '개그맨은 주로 텔레비전이나 라디오 프로그램에 출연하여 말과 몸짓으로 사람들에게 웃음을 줍니다.'),
                                               ('1277', '건축사', '건축사는 건축주(고객)의 의뢰를 받아 조형미, 경제성, 안전성, 기능성 등을 고려하여 주택, 사무용 빌딩 등의 건축물을 계획하고 설계하는 일을 합니다.'),
                                               ('150', '비행기조종사', '비행기조종사는 승객이나 화물을 운반하기 위해 여객기, 전투기, 경비행기, 헬리콥터 등을 조종합니다.'),
                                               ('994', '환경컨설턴트', '환경컨설턴트는 기업이나 공공 조직이 가지고 있는 환경 관리상의 문제점을 진단하고 이에 대한 해결책을 제시하는 일을 합니다.'),
                                               ('25', '전문의사', '전문의사는 환자의 병에 대한 원인을 찾아 치료하고 예방하며, 손상된 신체를 복구하고 재활시키는 업무를 수행합니다.'),
                                               ('400', '운동감독', '운동감독은 운동선수의 지식, 능력, 실력을 높이기 위해 훈련 및 지도하고, 경기에서 이기기 위한 전략과 작전을 세웁니다.'),
                                               ('10072', '웹툰작가', '웹툰작가는 스토리의 소재를 찾고, 기획, 취재하며, 콘티(스토리전개도)를 짜서 스케치, 데생, 채색, 편집 등의 작업을 수행 후 웹툰 플랫폼에 제공하는 업무를 수행합니다.'),
                                               ('283', '광고기획자', '광고기획자는 특정 상품이나 서비스에 대한 광고 제작 방향 및 전략 수립에서부터 실제 광고 제작까지의 전체적인 관리와 감독 업무를 담당합니다.'),
                                               ('1278', '행정부고위공무원', '행정부고위공무원은 행정기관 국장급(3급) 이상 공무원으로, 정부의 정책을 결정하고 예산과 법령안을 작성&middot;수정하며 정부 부처의 법령을 해석&middot;적용합니다.'),
                                               ('151', '항공우주공학기술자', '항공우주공학기술자는 공기 중을 비행하는 물체 즉, 여객기, 전투기, 우주선 등의 각종 비행 물체를 설계하고 개발하는 일을 담당합니다.'),
                                               ('995', '에너지공학기술자', '에너지공학기술자는 에너지 사업을 위한 기술상의 조건을 분석하며 이에 필요한 시스템 장비를 설계, 계획, 조직화합니다.'),
                                               ('29', '지리학연구원', '지리학연구원은 지표상 나타나는 자연, 인문적 현상의 공간적 분포 양식, 형성 과정, 상호 연관성에 대해 연구합니다.'),
                                               ('401', '작업치료사', '작업치료사는 신체적 또는 장애를 입은 환자가 독립적으로 일상생활을 할 수 있도록 치료 활동을 합니다.'),
                                               ('10073', '아쿠아리스트', '아쿠아리스트는 수중생물을 인공적인 환경인 수족관 내에서 기르고 관리하는 업무를 수행합니다.'),
                                               ('284', '간판제작원', '간판제작원은 네온사인이나 안내표지, 실외 간판 등을 설계 및 제작하여 설치하는 일을 담당합니다.'),
                                               ('1279', '헤드헌터', '헤드헌터는 기업의 임원, 기술자 등 고급 인력을 필요로 하는 업체가 원하는 인력을 선정 및 평가하고 적정 인력을 알선해 줍니다.'),
                                               ('153', '화학제품제조원', '화학제품제조원은 화학제품 제조기기를 조작하여 의약품, 화장품 등의 화학제품을 생산하는 일을 담당합니다.'),
                                               ('997', '토양환경기술자', '토양환경기술자는 지역의 토양오염 상태를 측정하고, 연구와 실험분석을 통해 토양오염물질이 환경에 미치는 영향을 최소화하고 환경보존에 필요한 공학적 기술들을 연구하고 개발합니다.'),
                                               ('30', '지질학연구원', '지질학연구원은 암석 분포, 지질구조, 퇴적환경 등에 대한 조사를 통해 지하자원의 개발이나 국토개발의 기초를 제공합니다.'),
                                               ('403', '장례지도사', '장례지도사는 장례 절차와 관련된 모든 업무를 총괄하는 일을 담당합니다.'),
                                               ('10074', '범죄심리분석관(프로파일러)', '범죄심리분석관(프로파일러)은 증거가 충분히 확보되지 않아 일반수사 기법 조사로는 한계가 있는 이상범죄, 연쇄살인 등의 범죄 사건을 담당, 해결하는 역할을 수행합니다.'),
                                               ('285', '광고디자이너', '광고디자이너는 텔레비전, 잡지, 신문, 라디오, 포스터 등의 영상이나 인쇄매체의 광고 화면을 구성하고 필요한 그림과 이미지를 디자인합니다.'),
                                               ('1281', '환경영향평가원', '환경에 영향을 미치는 사업 계획 수립 시 이러한 사업 계획이 자연환경, 생활환경, 사회&middot;경제 환경 등에 미치는 영향을 미리 예측&middot;분석하고, 환경에 해로운 영향을 줄이는 방안을 모색합니다.'),
                                               ('155', '바닥재시공원', '바닥재시공원은 각종 타일이나 카펫 등을 설치하여 건물의 내외벽, 바닥, 천장 등을 마무리 또는 장식하는 일을 합니다.'),
                                               ('1004', '환경설비기술자', '환경설비기술자는 폐수ㆍ폐기물 처리 설비기기 및 장치를 조작하는 등의 일을 담당합니다.'),
                                               ('31', '천문학연구원', '천문학연구원은 천체를 관측하고, 천체 현상을 물리학적 지식을 적용하여 해석하며, 천체들이 생성되고 소멸하는 원리를 밝히는 연구를 수행합니다.'),
                                               ('404', '전화교환원', '전화교환원은 시내, 시외 및 국제 간 혹은 회사 내부의 전화 통화를 연결하는 일을 담당합니다.'),
                                               ('10075', '다문화코디네이터', '다문화코디네이터는 다문화가정의 자녀가 교육을 받는 데 필요한 프로그램을 소개하고 지원하는 업무를 수행합니다.'),
                                               ('286', '국악인', '국악인은 전통음악을 하는 사람으로, 가야금, 해금 등의 국악기를 연주하거나 판소리, 민요 등을 부릅니다.'),
                                               ('1282', '대체에너지개발연구원', '대체에너지개발연구원은 태양열, 태양광, 조력, 풍력, 바이오매스 등의 대체 에너지를 연구ㆍ개발합니다.'),
                                               ('157', '반도체공학기술자', '반도체공학기술자는 냉장고, 텔레비전, 세탁기 등의 가전제품과 의료기기, 컴퓨터, 휴대폰 등 전자제품에 사용되는 반도체의 기술적 성능을 개선하거나 새로운 기능과 성능을 갖춘 반도체를 개발합니다.'),
                                               ('1006', '해양환경기사', '해양환경기사는 물리, 화학, 지질 및 해양생물학적 지식과 기술을 활용하여 해양개발에 필요한 기초 조사 및 연구를 수행합니다.'),
                                               ('32', '측량사', '측량사는 국토의 이용, 개발, 건설 공사, 지도 제작을 목적으로 토지의 형태, 지형선, 위치, 고도, 면적 등을 측량하는 업무를 수행합니다.'),
                                               ('405', '주택관리사', '주택관리사는 아파트와 같은 대규모 공동주택의 각종 시설 및 환경을 유지 관리하며, 공동시설의 유지 및 보수와 관련된 각종 회계 업무를 담당합니다.'),
                                               ('10076', '모바일앱개발자', '모바일앱개발자는 스마트폰이나 태블릿PC 등 모바일기기에서 사용되는 소프트웨어인 모바일 애플리케이션을 개발하고 수정하는 일을 합니다.'),
                                               ('288', '네일아티스트', '네일아티스트는 고객의 손, 손톱, 발, 발톱의 건강 등 미용 관리, 제모와 관련된 업무를 담당합니다.'),
                                               ('1431', '음악강사', '피아노, 바이올린, 기타, 드럼, 가야금, 해금 악기별로 수강생들에게 음악에 관한 이론과 연주법을 가르칩니다.'),
                                               ('159', '가구제조,수리원', '가구제조,수리원은 여러 형태의 가구를 가공, 제작하고, 가구의 파손된 부위를 수선하는 일을 담당합니다.'),
                                               ('1007', '상수도기술자', '상수도기술자는 안전한 수돗물을 생산해 사람들에게 공급하기 위해 상수도의 수질 상태를 지속적으로 검사하고, 정수 처리 대응 방안 및 배급수의 효과적인 유지, 관리 방법 등에 대해 연구하고 개발합니다.'),
                                               ('33', '치과기공사', '치과기공사는 치과의사의 의뢰를 바탕으로 치아, 치아 장치, 교정 장치 등을 다양한 형태와 재료로 제작하고, 수리하는 업무를 수행합니다.'),
                                               ('406', '인문계중등학교교사', '인문계중등학교교사는 중학교와 고등학교에서 학생들에게 인문계 교과목을 가르치고 생활을 지도합니다.'),
                                               ('10077', 'SNS 마케터', 'SNS(Social Network Service)마케터는 SNS를 통해 상품을 홍보 및 판매하고 소비자 반응을 분석하는 업무를 수행합니다.'),
                                               ('291', '만화가', '만화가는 풍자나 우스갯거리 등을 경쾌하고 익살스러운 그림으로 표현하거나 어떤 줄거리가 있는 이야기를 연속된 그림과 대화로 엮는 일을 담당합니다.'),
                                               ('1432', '베타테스터', '베타테스터는 컴퓨터업체에서 소프트웨어나 하드웨어 제품을 판매하기 전에 제품의 결함 여부를 검사하는 사람으로, 프로그램의 오류를 파악하고 해결 방안을 제시하여 상품성을 높이는 일을 합니다.'),
                                               ('162', '식품공학기술자', '식품공학기술자는 식품에 대한 조사, 개발, 생산 기술 개발, 품질 관리, 포장, 가공 및 이용에 관한 업무를 합니다.'),
                                               ('1009', '환경위생검사원', '환경위생검사원은 음식점, 산업체, 호텔 및 기타 작업장 환경을 조사하고 점검하여, 작업장의 위생 관리, 공해 관리, 위험물 처리가 정부 규정에 따라 잘 운영되고 있는지 감독합니다.'),
                                               ('34', '치과의사', '치과의사는 건강 유지와 증진의 목적을 가지고 치아, 치주조직, 구강구조물, 턱뼈, 턱관절, 얼굴, 얼굴과 연결된 머리와 목 등에 대한 연구와 의료행위를 하며, 의료인으로서의 임무를 수행합니다.'),
                                               ('407', '직업군인', '직업군인은 국가의 안전보장과 국민의 생명 및 재산을 보호하기 위한 일을 합니다.'),
                                               ('10078', '국제개발협력전문가', '국제개발협력전문가는 국제개발협력 관련 사업, 협력 프로그램을 기획, 실행, 모니터링함으로써 개발도상국을 지원하는 역할을 수행합니다.'),
                                               ('293', '메이크업아티스트', '메이크업아티스트는 화장을 통해 아름다움을 연출하는 직업으로 분위기와 상황에 맞추어 고객의 메이크업을 담당합니다.'),
                                               ('1433', '발명가', '발명가는 지금까지 없던 기술이나 물건을 새로 생각하여 만들어 내는 일을 전문적으로 하는 사람으로, 새로운 아이디어를 생각해 내고 시제품을 만듭니다.'),
                                               ('163', '도축원 및 육류가공원', '도축원 및 육류가공원은 소, 돼지, 닭 등의 가축을 식용으로 사용할 수 있도록 도살하여 부위별로 알맞은 크기로 자르고, 손질 및 가공, 처리하는 일을 담당합니다.'),
                                               ('1010', '방사성폐기물관리원', '방사성폐기물관리원은 원자력시설 혹은 방사성물질을 다루는 작업장과 실험실에서 나오는 폐기물 처리 설비 및 용기를 관리하고, 작업원을 감독합니다.'),
                                               ('36', '통계학연구원', '통계학연구원은 자연, 사회, 경제 현상 등으로부터 얻어진 자료를 과학적으로 분석, 추론함으로써 최적의 의사결정과 미래 예측에 도움이 되는 정보로 가공하는 업무를 수행합니다.'),
                                               ('408', '직업상담 및 취업알선원', '직업상담 및 취업알선원은 취업을 희망하는 사람에게 적합한 일자리에 대한 정보를 제공하거나 인재 채용을 희망하는 업체에 적합한 사람을 소개합니다.'),
                                               ('10079', '창업컨설턴트', '창업컨설턴트는 업종, 비용, 수익성 등의 분석을 통해 창업 종목 선정에서부터 개업까지 각 단계별 업무를 도와주는 업무를 수행합니다.'),
                                               ('294', '모델', '모델은 다른 사람들에게 제품을 아름답게 보이게 함으로써 제품 홍보를 합니다.'),
                                               ('1436', '신약개발연구원', '신약개발연구원은 새로운 의약품을 개발하기 위해 기초연구와 응용연구를 수행합니다.'),
                                               ('164', '양장사 및 양복사', '양장사 및 양복사는 고객의 요구에 따라 여러 디자인의 의복을 제작합니다.'),
                                               ('1061', '국회의원', '국회의원은 선거를 통해 선출된 국민의 대표로서 국회에서 헌법과 법률의 개정 및 의결과 관련된 일을 하고, 정부 예산안을 심의 및 확정하는 등의 업무를 담당합니다.'),
                                               ('37', '한의사', '한의사는 한방 의료의 원리와 기술을 활용해서 인체의 질병과 장애를 진료, 예방하는 업무를 수행합니다.'),
                                               ('409', '직업능력개발훈련교사', '직업능력개발훈련교사는 직업전문학교나 공공직업훈련원 등에서 사람들에게 직업에 필요한 기능과 지식을 가르칩니다.'),
                                               ('10080', '공정무역전문가', '공정무역전문가는 개발도상국에서 생산한 제품을 소비자가 구입할 수 있도록 교역을 돕는 업무를 수행합니다.'),
                                               ('295', '패턴사', '패턴사는 디자이너의 스케치나 작업지시서에 따라 패턴 용지나 컴퓨터 프로그램을 이용하여 의류의 패턴 즉, 기본 모형을 제작하는 일을 담당합니다.'),
                                               ('1437', '스포츠해설가', '축구, 야구, 배구 등 각종 스포츠 경기를 방송을 통하여 설명하고 해설합니다.'),
                                               ('165', '설문조사원', '설문조사원은 공공기관, 대기업, 백화점, 방송국, 리서치회사 등에서 고객이나 일반 국민들의 의견을 청취하고 조사하기 위해 설문조사나 시장조사를 실시합니다.'),
                                               ('1068', '마케팅전문가', '마케팅전문가는 마케팅과 소비자 행동 등에 대한 전문 지식을 활용하여 특정 상품의 시장성, 소비자 취향, 잠재 구매 고객 등에 대해 조사하여 효율적인 판매 전략을 계획하고 실행합니다.'),
                                               ('38', '해부학연구원', '해부학연구원은 사람과 동물의 해부학적 특성을 분석하여 의학과 관련 분야에 적용하기 위한 연구를 수행합니다.'),
                                               ('410', '초등학교교사', '초등학교 교사는 초등학교에서 학생들을 대상으로 수업 지도, 학급 운영, 생활지도 등을 담당합니다.'),
                                               ('296', '무대감독', '무대감독은 무대 연출에 필요한 촬영, 무대장치, 편집 등의 기술적인 업무를 계획하고 조정합니다.'),
                                               ('1438', '카레이서', '카레이서는 각종 자동차경주대회에서 경주용 차량을 운전하여 경주를 합니다.'),
                                               ('166', '세탁원', '세탁원은 더러워진 의복, 침구류, 피혁제품 등을 제품의 변형 없이 깨끗하게 세탁하는 일을 담당합니다.'),
                                               ('1076', '자동차공학기술자', '자동차공학기술자는 각종 차량의 차체, 엔진, 제동장치, 및 기타 구성품에 관하여 개발 및 제조를 계획, 감독합니다.'),
                                               ('39', '해양학연구원', '해양학연구원은 해양기후, 해양환경, 해양생물자원, 해양안전방제, 해양운송시스템 등 해양 전반과 관련된 과학기술과 정책 개발에 관한 연구를 수행합니다.'),
                                               ('411', '치과위생사', '치과위생사는 치과의사의 진료 및 치료를 보조하여 구강 관련 질환을 예방 및 치료하고, 구강 관리에 대해 안내합니다.'),
                                               ('298', '무용가', '무용가는 무용을 창안, 해석하거나 혼자 또는 단체의 일원으로서 예술적으로 춤을 춥니다.'),
                                               ('1439', '캐스팅디렉터', '캐스팅디렉터는 드라마나 영화의 연출을 맡은 PD나 감독의 의도를 파악하여 작품의 장르에 적합하고 상업적인 흥행을 이끌 수 있는 배우를 선정하는 일을 합니다.'),
                                               ('167', '소믈리에', '소믈리에는 와인을 취급하는 호텔이나 레스토랑, 바, 와인 전문점에서 고객이 주문한 요리에 어울리는 와인을 추천하고 고객의 취향을 파악하여 고객이 원하는 와인을 감정하고 골라 주는 일을 담당합니다.'),
                                               ('1078', '대형트럭 및 특수차운전원', '대형 트럭 및 특수차 운전원은 각종 화물을 수송하기 위해 대형 트럭을 운전하거나, 특수설비가 장착된 특수차량을 운전합니다.'),
                                               ('40', '화학연구원', '화학연구원은 열, 압력 등 물리적 요인의 변화를 측정하고 물질의 특성과 상호작용, 물질의 변환을 통한 새로운 물질의 창조과정 등을 연구개발 하는 업무를 수행합니다.'),
                                               ('412', '캐디', '캐디는 골프장에서 고객이나 골프선수를 보조하여 골프 용품을 정리, 운반하는 등 골프 경기가 원활하게 진행될 수 있도록 돕습니다.'),
                                               ('299', '문화재보존원', '문화재보존원은 궁궐, 사찰, 미술관, 박물관의 소장품과 같은 문화재의 파손 부위를 복원 및 관리합니다.'),
                                               ('1440', '일반의사', '인간의 질병, 장애, 상해를 진단하고 치료하기 위해 진찰과 의학적 검사를 시행합니다.'),
                                               ('169', '영양사', '영양사는 건강 증진 및 질병 치료를 목적으로 영양 기법 및 응용에 관하여 연구개발 하고 전문적인 영양 서비스를 제공합니다.'),
                                               ('1080', '환경공학기술자 및 연구원', '환경공학기술자 및 연구원은 각종 환경오염 문제를 확인하여 연구개발을 통해 방지 대책을 세우거나 공해 방지 설비를 설계하고 제작하며 환경 개선 방안을 수립합니다.'),
                                               ('41', '가전제품 설치 및 수리원', '가전제품 설치 및 수리원은 서비스 센터 내에 근무하면서 방문하는 고객의 제품을 수리하거나 고객의 집을 방문하여 수리하는 업무를 수행합니다.'),
                                               ('413', '특수교사', '특수교사는 신체적, 정신적 장애를 겪고 있는 학생에게 유치원, 초등학교, 중학교, 고등학교에 준하는 교육과 생활에 필요한 지식 및 기능을 가르칩니다.'),
                                               ('301', '방송연출가', '방송연출가는 라디오 또는 텔레비전의 프로그램을 기획하고 제작합니다.'),
                                               ('1441', '작가', '출판이나 연극, 영화, 방송을 위한 문학작품을 창작하거나 소설, 시, 동화, 수필, 영화 시나리오, 연극 대본, 드라마 극본을 창작합니다.'),
                                               ('171', '전통식품제조원', '전통식품제조원은 우리나라의 고유 음식인 떡, 한과, 간장, 된장, 김치 등을 만드는 일을 담당합니다.'),
                                               ('1081', '해양공학기술자', '해양공학기술자는 관련 전문 지식을 이용하여 기초 자료를 조사, 분석하고 해양환경 현황을 조사, 관측, 평가, 계획합니다.'),
                                               ('42', '건설공사품질관리원', '건설공사품질관리원은 건설자재에 대한 품질검사를 실시하고, 건설 재료의 품질과 안전성 검사를 통해 부실 공사를 방지하고 건설 사고를 예방하는 업무를 담당합니다.'),
                                               ('414', '판사', '판사는 법정에서 재판을 진행하며 검사와 변호사의 논쟁, 변호사 및 증인의 진술, 사건 증거 등 재판에 관련된 자료를 검토하고 법률에 근거해 판결을 내립니다.'),
                                               ('303', '연기자', '연기자는 연극, 영화, TV 드라마에 등장하는 인물의 배역을 맡아 출연하여 대본과 감독의 연출에 따라 연기합니다.'),
                                               ('1541', '자연과학연구원', '자연과학 분야의 기초적인 이론과 지식을 탐구하며, 발견된 이론과 지식을 다른 분야에 적용하는 응용 연구를 수행합니다.'),
                                               ('172', '제과사 및 제빵사', '제과사 및 제빵사는 빵, 케이크, 쿠키, 파이 등 다양한 빵 및 과자류를 만듭니다.'),
                                               ('1087', '전자 부품 및 제품 생산직', '전자 부품 및 제품 생산직은 전자장비에 사용되는 부분품을 제조하는 장치를 조작하고 생산과정이 원활히 진행되도록 이에 대한 제반 사항을 관리합니다.'),
                                               ('46', '건축공학기술자', '건축공학기술자는 건축물 공사 시 전체적인 관리, 감독을 수행하고, 구조 설계, 시공과 관련된 기술적 자문을 합니다.'),
                                               ('415', '프로바둑기사', '프로바둑기사는 바둑 대회에 참가하여 다른 프로바둑기사와 서로 바둑 실력을 겨룹니다.'),
                                               ('304', '백댄서(백업댄서)', '백댄서는 가수의 노래와 음악에 어울리는 춤을 개발하고 연습하며, 함께 공연에 참가하여 가수의 무대를 보조하는 일을 합니다.'),
                                               ('10001', '3D 프린팅 전문가', '3D 프린팅 전문가는 소재를 쌓아 물체를 만드는 3D프린터를 이용해 고객의 요구에 따라 제품(미니어처, 액세서리, 일상용품, 개인 편의 제품, 기계 부품 등)을 만들어 냅니다.'),
                                               ('173', '조리사 및 주방장', '조리사 및 주방장은 식자재와 조리 도구에 대한 지식을 바탕으로 재료 준비, 식료품 검사와 관리, 세척, 각종 요리 기구를 사용해 알맞은 조리법에 따라 요리하고, 조리된 음식의 맛, 영양 상태 등을 점검합니다.'),
                                               ('1088', '스포츠에이전트', '스포츠에이전트는 스포츠 관련 프로그램 및 서비스를 개발하고 운영을 위한 기획 및 절차를 조직하여 조정 및 관리합니다.'),
                                               ('47', '타이어 및 고무제품 생산직', '타이어 및 고무제품 생산직은 각종 고무 제품 제작을 위해 여러 화학제품과 원료를 배합, 가공하는 제조기기와 장치를 조작합니다.'),
                                               ('416', '피부관리사', '피부관리사는 고객의 얼굴부터 발끝까지 신체의 모든 피부 상태를 아름답고 건강하게 관리해주는 일을 합니다.'),
                                               ('305', '보석디자이너', '보석디자이너는 다이아몬드, 사파이어, 금 등의 보석을 이용하여 아름다운 장신구나 액세서리를 디자인합니다.'),
                                               ('10002', '홀로그램 전문가', '홀로그램 전문가는 기술 분야와 서비스 분야로 나눌 수 있는데, 기술 관련 전문가는 홀로그램을 데이터로 생성하고 처리하는 연구와 개발을 담당합니다.'),
                                               ('174', '가축사육자', '가축사육자는 가축의 번식과 사육에 대한 지식을 바탕으로 조류, 파충류, 모피생산 동물, 품종을 개량한 조류인 가금, 사냥이 허가 난 새인 엽조류와 더불어 소, 양, 돼지, 산양, 말 등과 같은 가축을 번식하고 사육하며 낙농제품을 생산하는 데 필요한 활동을 기획하고 수행합니다.'),
                                               ('1089', '자연계중등학교교사', '자연계중등학교교사는 국립, 공립, 사립 중등학교에서 교육과정에 따라 학생들에게 자연계 교과목을 가르치고 생활을 지도하는 업무를 수행합니다.'),
                                               ('48', '공작기계조작원', '공작기계조작원은 각종 공작기계를 조작하여 금속과 비금속 재료를 깎고 구멍을 뚫고 마무리 작업을 합니다.'),
                                               ('417', '학원강사', '학원강사는 여러 연령층의 사람들이 가진 다양한 교육적 요구에 따라 필요로 하는 지식과 기능을 교육하는 일을 합니다.'),
                                               ('306', '분장사', '분장사는 영화, 연극, TV 드라마의 작품 내용과 인물의 성격에 어울리도록 배우를 분장하는 일을 담당합니다.'),
                                               ('10003', 'UX 디자인 컨설턴트', 'UX 디자인 컨설턴트는 사용자의 마음과 행동에 대한 조사와 이해를 바탕으로 사용자 입장에서 제품을 설계해 더 편리하게 사용하도록 하는 UX(사용자 경험, UX: User Experience) 디자인 업무를 수행합니다.'),
                                               ('175', '한복사', '한복사는 직물의 종류, 원단의 실용성 디자인 등의 지식을 바탕으로 고객의 주문에 따라 저고리, 치마, 두루마기, 마고자, 버선 등의 한복을 제작합니다.'),
                                               ('1090', '콘크리트공', '콘크리트공은 건축 및 토목 공사에서 일정 수준 이상의 콘크리트 강도가 나오도록 시멘트, 모래, 자갈, 물을 적정하게 배합하여, 이것을 조립된 철근 위에 붓고, 잘 굳도록 관리하는 일을 합니다.'),
                                               ('49', '광원 및 채석원', '광원 및 채석원은 지하에 매장되어 있는 석탄, 금속, 비금속 등의 광물과 건설 석재를 채굴하고 운반하며, 채석된 석재를 가공하는 업무를 수행합니다.'),
                                               ('418', '비행기승무원', '비행기승무원은 비행기 승객이 목적지까지 안전하고 쾌적하게 여행할 수 있도록 기내에서 각종 서비스를 제공하는 일을 합니다.'),
                                               ('309', '비디오저널리스트(VJ)', '비디오저널리스트는 비디오카메라를 가지고 방송물 등을 직접 기획, 취재, 촬영, 편집하는 일을 담당합니다.'),
                                               ('10004', '도시 재생 전문가', '도시 재생 전문가는 쇠퇴하거나 낙후된 도시를 되살리기 위하여 도시 재생 계획을 세우는 일을 합니다.'),
                                               ('176', '선장 및 항해사', '선장은 선박 항로, 안전, 해상운송 등의 지식을 바탕으로 화물과 승객 운송을 비롯해, 어로를 위하여 항해하는 선박 내의 여러 활동을 지휘하고 감독하며 조정합니다.'),
                                               ('1092', 'GIS전문가', '지리정보시스템(GIS: Geographic Information System)전문가는 국토 공간상에 존재하는 각종 위치 및 속성정보 등을 정보화하여 활용하는 것으로 첨단정보시스템에 대한 전반적인 업무를 수행합니다.'),
                                               ('50', '제화원', '제화원은 가죽, 인조가죽 등의 재료를 이용해서 각종 구두, 가방, 벨트 등의 제품을 생산하고 수선하는 업무를 담당합니다.'),
                                               ('419', '홍보도우미', '홍보도우미는 고객이 상품이나 서비스의 구매하거나 시설 이용을 하도록 판촉물을 배포하거나 춤, 노래, 게임 등을 이용하여 상품과 서비스를 홍보하는 일을 합니다.'),
                                               ('310', '사진작가', '사진작가는 촬영대상 또는 장소를 선정하여 작품사진과 보도사진 등을 촬영합니다.'),
                                               ('10005', '스마트 도시 전문가', '스마트 도시 전문가는 정보 통신 기술을 이용하여 정보를 수집하고 자원을 효율적으로 관리하는 스마트 도시를 계획합니다.'),
                                               ('177', '푸드스타일리스트', '푸드스타일리스트는 식품 조리와 스타일링에 대한 지식을 바탕으로 영화, 드라마, 광고 등에 내보낼 음식 관련 장면을 연출하며, 레스토랑의 새로운 메뉴를 개발하거나 요리책이나 잡지 등에 올릴 요리 개발 및 조리법 작성 등의 일을 수행합니다.'),
                                               ('1093', '가상현실전문가', '가상현실전문가는 3차원모델링(3D)등의 기술을 이용해 가상의 시공간에서 가상시스템을 개발합니다.'),
                                               ('52', '금속가공장치조작원', '금속가공장치조작원은 광석의 불순물을 제거하고 제련, 정련 과정을 거쳐 제철과 제강 등을 위해 장치를 조작하는 업무를 담당합니다.'),
                                               ('421', '스포츠강사', '스포츠강사는 공공 또는 민간 체육시설에서 사람들을 대상으로 건강 유지와 증진, 스트레스 해소, 여가의 목적을 위해 여러 운동 프로그램을 개발하거나 가르치는 일을 합니다.'),
                                               ('311', '사진인화 및 현상관련조작원', '사진인화 및 현상관련조작원은 사진필름 및 인화지 제조기를 조작하며, 사진필름을 가공하고 인화합니다.'),
                                               ('10006', '곤충 음식 개발자&middot;조리사', '곤충 음식 개발자는 곤충을 재료로 사람이 먹을 수 있는 식품을 연구하고 만드는 방법을 개발합니다.'),
                                               ('178', '쇼핑호스트', '쇼핑호스트는 상품의 특성과 방송에 대한 지식을 바탕으로 상품 판매 방송을 진행하면서 시청자에게 상품의 기능, 특성 등을 설명하고 상품의 판매를 촉진합니다.'),
                                               ('1096', '웹프로듀서', '웹프로듀서는 웹사이트 기획, 구축 및 운영, 마케팅 등을 총괄합니다.'),
                                               ('53', '금속공학기술자', '금속공학기술자는 금속, 합금의 제조와 가공 방법 개발을 위해 금속의 물리적, 조직적 특성을 실험하고 연구하며, 장단기 기술개발 계획을 수립하는 업무를 수행합니다.'),
                                               ('426', '택시운전기사', '택시운전기사는 택시에 탄 손님이 요청한 장소까지 신속하고 안전하게 데려다주는 일을 합니다.'),
                                               ('313', '성악가', '성악가는 독창, 중창, 합창의 형태로 고전 음악 및 가곡을 노래하며, 보통 합창단에 소속되어 합창 발표회를 하거나 독창회, 중창회를 개최합니다.'),
                                               ('10007', '정밀 농업기술자', '정밀 농업기술자는 작물이나 흙의 상태에 따라서 적합한 비료와 농약 등을 사용하여 환경을 보호하고 가장 효율적으로 농사를 짓는 기술을 개발합니다.'),
                                               ('179', '체형관리사', '체형관리사는 영양학과 체육학의 지식을 바탕으로 체계적인 운동 방법과 식이요법 등을 이용하여 고객의 체중과 몸매를 종합적으로 관리하는 일을 담당합니다.'),
                                               ('1097', '프로게이머', '프로게이머는 각종 컴퓨터게임 대회에 참가하여 게임을 합니다.'),
                                               ('54', '금형원', '금형원은 금속 공작기계, 수공구, 정밀 측정기를 사용하여 동일한 형상의 제품이나 부품을 반복하여 대량으로 생산할 수 있는 틀인 금형을 제작, 보수, 정비합니다.'),
                                               ('427', '웨딩플래너', '웨딩플래너는 결혼을 준비하는 사람을 대신하여 결혼식장 준비, 웨딩 사진, 웨딩드레스 예약, 신혼여행의 예약, 혼수품 구입 등 결혼과 관련된 모든 일을 대신하여 계획하고 조언하는 일을 합니다.'),
                                               ('314', '스턴트맨', '스턴트맨은 영화나 텔레비전 드라마에 출연하여 무술 연기를 합니다.'),
                                               ('10008', '스마트 팜 구축가', '스마트 팜 구축가는 농업에 정보통신 기술을 접목하여 효율적으로 작물을 재배하거나 가축을 기르는 기술을 개발하고 수집된 정보를 분석합니다.'),
                                               ('180', '바리스타', '바리스타는 원두에 대한 지식을 바탕으로 좋은 원두를 선택하고 커피 기계를 활용하여 고객이 원하는 커피를 만들어 서비스하는 일을 담당합니다.'),
                                               ('1100', '군무원', '군무원은 군부대에서 군인과 함께 근무하는 특정직 국가 공무원으로서 담당 직렬에 따라 기술, 연구, 일반 행정, 이미용 등에 대한 업무를 수행합니다.'),
                                               ('56', '기계공학 기술자ㆍ연구원', '기계공학 기술자ㆍ연구원은 다양한 산업과 연관된 기계, 기구, 산업 설비, 생산시스템 등을 연구, 개발, 설계, 제조하고, 생산 공정을 운영, 감독하는 업무를 수행합니다.'),
                                               ('428', '호스피스전문간호사', '호스피스전문간호사는 죽음을 앞둔 말기 환자가 인생을 편안하게 마무리할 수 있도록 돕는 일을 합니다.'),
                                               ('316', '플로리스트', '플로리스트는 꽃, 식물, 화초 등의 화훼류를 여러 가지 목적에 따라 보기 좋게 꾸미는 일을 합니다.'),
                                               ('10009', '스마트 의류 개발자', '스마트 의류 개발자는 정보 통신 기술을 이용하여 옷을 입은 사람의 심박수, 체온 등을 감지할 수 있는 의류를 개발합니다.'),
                                               ('182', '농업기술자', '농업기술자는 농업에 대한 지식을 바탕으로 농업의 발전과 농업인의 복지 향상을 도모하기 위하여 농업과학기술의 진흥을 위한 연구와 농촌지도, 농업 관련인에 대한 교육 훈련 업무를 수행합니다.'),
                                               ('1101', '신용관련추심원', '신용관련추심원은 은행이나 카드사 등 금융기관의 채권관리부서 또는 신용정보회사에 고용되어 채무자의 미납된 빚을 받아내는 업무를 담당합니다.'),
                                               ('57', '섬유공학기술자', '섬유공학기술자는 공학 기술을 기반으로 섬유제품의 품질에 대해 연구하고, 새로운 첨단 섬유 소재를 연구개발 하는 업무를 수행합니다.'),
                                               ('429', '통신엔지니어', '통신엔지니어는 초고속 인터넷 시스템 및 기타 전송 방식에 사용되는 통신의 전자회로, 제품, 관련된 기술을 연구하고 개발하는 일을 담당합니다.'),
                                               ('317', '연주가', '연주가는 독주자 또는 오케스트라 및 악단의 일원으로 악기를 연주합니다.'),
                                               ('10010', '원격진료 코디네이터', '의학적 지식을 바탕으로 직접 병원에 가기 어려운 환자들을 정보 통신 기술(ICT: Information and Communication Technologies)을 이용하여 의사와 연결해 주어 원격진료 서비스가 가능하도록 도와주는 업무를 수행합니다.'),
                                               ('183', '곡식작물재배자', '곡식작물재배자는 농업에 대한 지식을 바탕으로 벼, 보리, 쌀 등 곡식을 재배하기 위한 계획을 세우고, 각종 농작물 재배 방법이나 기계 등을 이용하여 곡식을 생산하고 수확하는 일을 담당합니다.'),
                                               ('1102', '장학사', '장학사는 행정상의 지휘권, 명령권, 감독권은 가지고 있지 않으나 학교를 주기적으로 시찰하고 교과과정, 교육 방법, 장비 및 기타 사안 등을 평가하고 제반 문제에 대해 교사와 협의하고 조언하는 역할을 담당합니다.'),
                                               ('58', '냉동기사', '냉동기사는 냉동 기계 조작을 통해 식품을 저장하거나 얼음을 만들며, 공기조화장치를 조작하는 업무를 수행합니다.'),
                                               ('430', '네트워크엔지니어', '네트워크엔지니어는 전산망을 만들기 위해 각종 하드웨어와 소프트웨어를 이해하고 사용 목적에 맞는 네트워크시스템의 기획, 분석, 설계, 구축에 관한 일을 합니다.'),
                                               ('318', '악기제조원', '악기제조원은 피아노, 바이올린 등의 각종 악기를 제조하거나 고객의 요청에 따라 악기의 소리를 조율하는 일을 담당합니다.'),
                                               ('10011', '노년 플래너', '노년 플래너는 노후를 건강하고 행복하게 보낼 수 있도록 조언해 주는 업무를 수행합니다.'),
                                               ('186', '동물조련사', '동물조련사는 동물에 대한 지식을 바탕으로 동물원의 동물을 사육하고 관리하거나, 인명구조 및 맹인 안내 등 특수한 목적을 위해 동물을 훈련합니다.'),
                                               ('1103', '교육학연구원', '교육학연구원은 교육의 목적, 내용, 방법 등에 관한 종합적이며 과학적인 연구를 실시하고, 합리적인 교육체제 및 방법을 설계하고 개발합니다.'),
                                               ('59', '녹음기사', '녹음기사는 영화, 텔레비전, 라디오 등에서 사용되는 음악, 배경음, 대사 등을 녹음하는 장비를 조작하는 업무를 수행합니다.'),
                                               ('431', '데이터베이스관리자', '데이터베이스관리자는 컴퓨터를 사용하여 각종 데이터를 체계적으로 수집, 정리, 가공하거나 입력하여 데이터베이스를 구축, 관리, 분석하는 일을 합니다.'),
                                               ('319', '반려동물미용사', '애완동물미용사는 애완동물의 미용과 청결을 담당합니다.'),
                                               ('10012', '헬스 케어 컨설턴트', '헬스 케어 컨설턴트는 식품영양, 건강관리, 물리치료 등의 지식을 바탕으로 질병 예방과 치료를 위해 상담을 하고, 개인이 건강관리를 체계적으로 할 수 있도록 돕습니다.'),
                                               ('187', '양식원', '양식원은 해양생태계와 수산물에 대한 지식을 바탕으로 어류, 패류, 해조류 양식장에서 시설물을 설치하거나, 먹이를 주고, 양식한 생물을 수확하는 일에 종사합니다.'),
                                               ('1104', '철학연구원', '철학연구원은 인류 문화의 토대로서 동서양 사상 문화가 수행해 온 역할과 현대사회에서 부딪치는 문제들에 대해 생산적으로 탐구하고 이를 통해 한국 사회의 사상 문화를 발전시키는 데 기여하며, 다양한 문화권 사이의 교류에 능동적으로 대응할 수 있는 방법을 연구합니다.'),
                                               ('61', '대기환경기술자', '대기환경기술자는 대기오염 상태를 측정, 분석하고, 대기오염을 방지할 수 있는 방법에 대해 연구, 실험하며, 대기오염방지시설과 장치 등을 설계, 개발하는 업무를 담당합니다.'),
                                               ('435', '정보보호전문가', '정보보호전문가는 정보시스템의 보안 정책을 세우고, 시스템에 대한 접근 및 운영을 통제하며, 침입자가 발생했을 때에는 신속하게 발견하고 대응해 시스템을 보호하는 일을 합니다.'),
                                               ('320', '연극연출가', '연극연출가는 한 편의 연극을 연출하기 위해 희곡 작품의 주제, 성격 등을 분석하고, 연기자들과 스텝들을 지휘 및 감독합니다.'),
                                               ('10013', '노인 전문 간호사', '노인 전문 간호사는 의학적 지식을 바탕으로 노인전문병원, 의료복지기관, 요양원 등에서 노인의 건강관리와 병세 호전을 위해 간호 계획을 수립하고 각종 프로그램을 진행하며 노인을 간호합니다. 또한 응급처치와 건강관리, 질병 예방을 위한 교육 진행 등을 실시합니다.'),
                                               ('189', '연근해 어부 및 해녀', '연근해 어부 및 해녀는 수산물의 서식지와 특징에 대한 지식을 바탕으로 가까운 바다에서 물고기, 굴, 조개 또는 기타 형태의 물속 동식물을 잡습니다.'),
                                               ('1105', '행정학연구원', '행정학연구원은 중앙정부나 지방자치단체 등에서 나타나는 다양한 문제점들을 해결하기 위해 주요 과제들을 체계적, 전문적으로 조사하고 연구하여 그에 대한 행정학적 해결 방안 및 대안들을 개발합니다.'),
                                               ('63', '도배원', '도배원은 벽지와 장판지를 건축 구조물의 벽, 천장, 바닥에 부착하는 업무를 수행합니다.'),
                                               ('440', '시스템엔지니어', '시스템엔지니어는 정보 기술의 기술적 사항과 해당 업무에 필요한 사항을 종합적으로 분석하고 설계하여 사용 용도에 따라 가장 빠르면서 안정된 정보시스템을 만드는 일을 합니다.'),
                                               ('321', '연예인매니저', '연예인매니저는 가수, 탤런트, 영화배우, 개그맨 등 연예인들의 방송 출연 등 연예 활동과 관련된 모든 일정을 계획 및 관리하는 일을 담당합니다.'),
                                               ('10014', '의료 기기 개발 전문가', '의료 기기 개발 전문가는 기계공학에 대한 지식을 바탕으로 최신 과학기술을 접목한 의료 기기 개발 계획을 수립하고, 환자 모니터, 초음파기기, X선 촬영(X-ray), 자기공명영상(MRI: Magnetic Resonance Imaging) 등의 의료기기를 설계하고 개발합니다.'),
                                               ('190', '유제품제조원', '유제품제조원은 식품 가공에 대한 지식을 바탕으로 젖소로부터 짜낸 우유를 살균 가공하여 우유, 치즈, 버터, 아이스크림 등 각종 우유와 관련된 제품을 생산하는 일을 담당합니다.'),
                                               ('1106', '학습지방문교사', '학습지를 받아보는 회원의 가정을 직접 방문하여 일정 시간 동안 회원의 학습을 도와줍니다.'),
                                               ('64', '도자기제조원', '도자기제조원은 점토 등의 재료 가공을 통해 실용적이고 미적인 다양한 도자기를 제작하고 생산하는 업무를 수행합니다.'),
                                               ('441', '애니메이터', '애니메이터는 애니메이션을 만들기 위한 기획에서부터 창작, 연출, 디자인, 채색, 촬영, 편집 등 제작의 모든 분야의 일을 담당합니다.'),
                                               ('322', '영화감독', '영화감독은 영화 제작을 위한 연출을 하고, 연기자와 제작진을 지도하며, 편집과 녹음 작업을 지도합니다.'),
                                               ('10015', '스포츠 심리 상담원', '스포츠 심리 상담원은 심리학과 체육학의 지식을 바탕으로 운동선수나 가족, 지도자에게 심리 상담과 교육을 합니다.'),
                                               ('192', '조경원', '조경원은 조경에 대한 지식을 바탕으로 가로나 정원에 나무를 심고 가꾸는 업무를 합니다.'),
                                               ('1107', '안마사', '안마사는 손이나 기구를 이용하여 환자나 고객의 근육을 두드리거나 주물러서 혈액순환을 원활히 하고 육체의 피로를 경감시키는 일을 합니다.'),
                                               ('65', '건물도장원', '건물도장원은 건축 구조물의 표면에 페인트, 라커 등을 입혀 건축물을 아름답고 오랫동안 보존할 수 있도록 합니다.'),
                                               ('443', '웹디자이너', '웹디자이너는 웹사이트의 첫 화면이나 세부적인 화면, 메뉴의 색상과 아이콘 등 사이트 전체를 디자인하고 만드는 일을 합니다.'),
                                               ('323', '영화기획자', '영화기획자는 영화의 기획에서부터 개봉에 이르는 전 과정에 대한 기획과 관리를 담당합니다.'),
                                               ('10016', '여행 기획자', '여행 기획자는 관광에 대한 지식을 바탕으로 국내 여행이나 해외여행 상품을 개발하는 일을 합니다.'),
                                               ('193', '조경기술자', '조경기술사는 디자인과 환경에 대한 지식을 바탕으로 정원, 가로, 공원 등을 지형과 용도에 맞게 계획하고 설계하며, 조경공사를 관리 및 감독하고 조경 시설을 유지 및 관리합니다.'),
                                               ('1108', '위생사', '위생사는 국민의 위생 상태를 개선하기 위해 식품위생, 환경위생 등을 점검하고 관리하는 일을 합니다.'),
                                               ('66', '로봇연구원', '로봇연구원은 산업용, 의료용, 해저자원 개발용 로봇과 실생활에 이용할 수 있는 로봇을 연구하고 개발하는 업무를 담당합니다.'),
                                               ('444', '웹마스터', '웹마스터는 인터넷 웹사이트의 게시판을 관리하거나 사이트상에서 발생한 오류나 문제들을 확인하고 해결하는 일을 담당합니다.'),
                                               ('325', '이미지컨설턴트', '이미지컨설턴트는 개인이나 단체의 성격이나 특성을 분석하여 그에 적합한 이미지를 만들어 주는 일을 합니다.'),
                                               ('10017', '해양 레저 전문가', '해양 레저 전문가는 스포츠에 대한 지식을 바탕으로 해양 스포츠나 레저 활동을 일반 사람들이 쉽게 즐길 수 있도록 가르치고 새로운 레저 활동을 기획 및 개발하는 일을 합니다.'),
                                               ('195', '해양수산기술자', '해양수산기술자는 수산자원에 대한 지식을 바탕으로 바다에서 자라는 각종 수산물 관련 연구와 기술개발을 담당합니다.'),
                                               ('1109', '서예가', '서예가는 먹과 붓을 이용하여 화선지에 글이나 시를 쓰거나 사군자를 그리는 일을 합니다.'),
                                               ('68', '목공', '목공은 목재 등 자재를 깎고 조립하여 건축의 지붕틀, 방음 설비, 마루, 칸막이, 내외장 마감과 같은 건축물의 내외부 공사에 필요한 목재 작업을 담당합니다.'),
                                               ('450', 'IT컨설턴트', 'IT컨설턴트는 기업의 인적, 물적 자원 및 모든 조건에 관련된 자료를 수집 및 분석하고, 최근의 기술과 활용 가능한 자원, 현재 상태를 고려해 시스템을 만들기 위한 전문적인 조언이나 자문을 하는 일을 합니다.'),
                                               ('326', '인테리어디자이너', '인테리어디자이너는 주택, 사무실, 상가 건물의 내부 환경을 기능과 용도에 맞게 설계하고 장식합니다.'),
                                               ('10018', '반려동물 훈련&middot;상담사', '반려동물 훈련ㆍ상담가는 동물에 대한 지식을 바탕으로 반려동물의 문제 행동(끊임없이 짖거나, 아무 곳에서나 배설하는 문제, 주인과 잠시라도 떨어져 있는 것을 참지 못하는 경우 등)을 보일 때 이러한 행동을 바로잡아 주는 프로그램을 만들어 실시하고 교육하는 일을 합니다.'),
                                               ('198', '감정평가사', '감정평가사는 문화재 감정, 부동산 감정 등의 지식을 바탕으로 공장, 자동차, 항공기 등과 같은 동산과 토지, 건물, 아파트, 임야와 같은 부동산, 무형 자산 등의 경제적 가치를 평가하는 일을 합니다.'),
                                               ('1110', '도선사', '도선사는 항만, 운하, 강 등의 일정한 도선 구역에서 선박에 탑승하여 해당 선박을 안전한 수로로 안내하는 일을 담당합니다.'),
                                               ('69', '목재가공관련조작원', '목재가공관련조작원은 원목, 기타 목재 등을 가공하여 실생활에서 사용되는 제품으로 생산하는 기계와 장치를 조작하는 일을 담당합니다.'),
                                               ('452', '정보중개인', '정보중개인은 정보 요구자의 의뢰나 요청에 따라 해당하는 정보의 원천이 어디 있는지를 찾고 이 정보를 고객의 요구 사항에 맞게 가공하여 활용할 수 있는 형태로 제공하는 일을 담당하고 있습니다.'),
                                               ('327', '일러스트레이터', '일러스트레이터는 주로 광고나 영상 매체의 그림이나 문양을 도안하고 제작하는 일을 담당합니다.'),
                                               ('10019', '디지털 큐레이터', '디지털 큐레이터는 인터넷상에서 쏟아지는 다양한 정보 중 가치 있는 정보를 선별하고, 콘텐츠화하여 유용한 정보로 만들어서 사용자에게 제공합니다.'),
                                               ('199', '검사', '검사는 법률적 지식을 바탕으로 범죄 사건을 수사하고, 범죄 여부를 판단하기 위해 범죄의 의심을 받는 사람인 피의자에게 법원의 심판을 구하는 일을 담당합니다.'),
                                               ('1111', '지게차운전원', '지게차운전원은 생산 현장이나 창고, 부두 등에서 화물을 싣거나 내리고, 화물의 운반을 위해 지게차를 운전하는 일을 담당합니다.'),
                                               ('70', '미장원', '미장원은 건물의 습기를 방지하고, 방음 효과를 높이며, 벽과 바닥, 천장 등을 매끄럽게 마무리하기 위해 건물의 내외부에 시멘트를 바르는 업무를 수행합니다.'),
                                               ('457', '컴퓨터게임시나리오작가', '컴퓨터게임시나리오작가는 게임 개발을 위해 필요한 시나리오를 구성하고 개발하는 일을 합니다.'),
                                               ('328', '작곡가', '작곡가는 관현악, 기악, 성악, 대중가요, 영화음악, 광고음악, 애니메이션음악 및 기타 배경음악 등을 만듭니다.'),
                                               ('10020', '게임 방송 프로듀서', '게임 방송 프로듀서는 게임 대회 방송이나 게임 방송 프로그램을 기획하고 제작하는 일을 합니다.'),
                                               ('201', '상품중개인', '상품중개인은 유통 경영과 시장경제에 대한 지식을 바탕으로 골동품, 예술품 등의 제품을 경매에 공급하는 자와 시장에 나온 상품에 최고 가격을 제시하는 상품 구매자를 연결합니다.'),
                                               ('1112', '선박갑판원', '선박갑판원은 각종 선박의 갑판 시설 및 장비를 조작, 유지, 보수하는 데 관련된 제반 업무 및 선박의 운행 관련 업무를 담당합니다.'),
                                               ('72', '방수원', '방수원은 건물이나 구조물의 바닥, 지붕, 벽체에 물이 스며드는 것을 방지하기 위해 방수 재료를 바르거나 붙이는 업무를 수행합니다.'),
                                               ('458', '컴퓨터그래픽디자이너', '컴퓨터그래픽디자이너는 컴퓨터를 이용해 광고, 영화, 드라마, 애니메이션에 사용되는 특수효과 등 3D 입체 영상이나 도형, 공간, 자막, 그림 등을 디자인하고 표현하는 일을 합니다.'),
                                               ('332', '제품디자이너', '제품디자이너는 우리의 일상생활에 필요한 각종 제품을 디자인합니다.'),
                                               ('10021', '개인미디어 콘텐츠제작자(크리에이터)', '개인 미디어 콘텐츠 제작자는 유튜브, 트위치, 아프리카TV 등 미디어 플랫폼 서비스에 영상과 오디오로 된 콘텐츠를 만들어 올립니다.'),
                                               ('202', '경영컨설턴트', '경영컨설턴트는 경영과 경제에 대한 지식을 바탕으로 기업경영에 관한 문제점을 분석하고 대책을 연구하며, 사업 추진에 관한 상담과 자문을 제공합니다.'),
                                               ('1113', '방문판매원', '방문판매원은 가정이나 사업체를 직접 찾아다니면서 고객에게 상품이나 서비스를 홍보하고 판매하는 일을 담당합니다.'),
                                               ('73', '섬유제조원', '섬유제조원은 섬유로부터 실을 뽑아 내고, 연사 기계를 조작하는 업무를 담당합니다.'),
                                               ('459', '속기사', '속기사는 속기 문자를 사용하여 발언자가 말한 내용을 받아쓰거나 컴퓨터 속기 기계로 기록하는 일을 합니다.'),
                                               ('333', '조각가', '조각가는 조각도를 사용하여 나무, 돌, 금속 또는 상아 등의 재료에 도안을 하거나 조각 작품을 창조합니다.'),
                                               ('10022', '드론 콘텐츠 전문가', '드론 콘텐츠 전문가는 드론을 이용하여 다양한 콘텐츠를 만들어 내는 일을 합니다.'),
                                               ('203', '경제학연구원', '경제학연구원은 경제학에 대한 지식을 바탕으로 금융, 노동, 재정 등 전문 분야의 연구를 수행합니다.'),
                                               ('1114', '상품대여원', '상품대여원은 고객에게 책, 의상, 장난감, 행사용품, 사무용 가구, 영상 장비, 컴퓨터와 같은 정보기기 등의 다양한 상품을 대여하는 일을 담당합니다.'),
                                               ('74', '배관원', '배관원은 건축물에 물, 가스, 증기, 기타 물질을 운반하는 배관시설을 제작, 설치하고, 배관시설의 유지보수와 관련된 업무를 수행합니다.'),
                                               ('462', '사이버교육운영자', '사이버교육운영자는 컴퓨터를 이용해 시간과 장소에 상관없이 교사와 학생, 학생과 학생이 양방향으로 의사소통할 수 있는 온라인 교육환경을 설계 및 기획하는 일을 합니다.'),
                                               ('334', '조향사', '조향사는 여러 가지 향료를 배합하여 새로운 향을 만드는 일을 합니다.'),
                                               ('10023', '문화 콘텐츠 전문가', '문화 콘텐츠 전문가는 다양한 문화를 콘텐츠로 만들어 사람들이 쉽게 이용할 수 있도록 합니다.'),
                                               ('205', '노무사', '노무사는 노동관계 분야에 관한 법률적 지식을 바탕으로 부당 해고, 산업재해, 임금 체불 등에 관한 사건을 대리하는 업무를 담당합니다.'),
                                               ('1115', '주유원', '주유원은 주유소나 가스충전소에 고용되어 자동차의 연료를 주입하고 판매하며, 그 외에도 엔진오일 등의 기타 자동차 소모품을 판매하거나 자동차의 세차를 담당합니다.'),
                                               ('75', '조적공', '조적공은 벽돌, 블록 등의 조적 재료와 공구를 활용하여 건물의 내벽, 외벽, 바닥, 기둥, 담장, 굴뚝 등의 구조물을 제작하는 업무를 담당합니다.'),
                                               ('465', '통신망설계운영기술자', '통신망설계운영기술자는 통신망의 접속자 몰림 현상 해소, 통화 완료율 향상, 기존 통신망의 효율성 극대화 등을 위해 연구 및 개발하는 일을 합니다.'),
                                               ('335', '지휘자', '지휘자는 관악기, 현악기, 타악기 등을 연주하는 관현악단을 지휘하고, 화음을 연출하기 위해 합창단을 지휘하는 일을 담당합니다.'),
                                               ('10024', '해양 에너지 기술자', '해양 에너지 기술자는 바다의 자원을 활용하여 에너지를 얻을 수 있는 방법과 기술을 개발합니다.'),
                                               ('206', '회계사', '회계사는 금융, 회계, 세무학 등의 지식을 바탕으로 개인이나 기업, 공공시설, 정부 기관 등의 경영 상태, 재무 상태, 지급 능력 등의 다양한 재무 보고와 관련하여 상담해주거나 관련 서류를 작성합니다.'),
                                               ('1116', '계산원 및 매표원', '계산원은 상점, 식당 등에서 제품 및 서비스의 가격을 계산하고 고객으로부터 금액을 직접 수령하는 일을 담당하며, 매표원은 극장, 공원, 유원지 등을 이용하는 고객들에게 표를 판매하는 일을 담당합니다.'),
                                               ('76', '보석감정사', '보석감정사는 보석의 진품 여부와 가치를 평가하여 품질에 따라 등급을 매기고 감정서를 발행하는 업무를 수행합니다.'),
                                               ('466', '컴퓨터설치&middot;수리원', '컴퓨터설치ㆍ수리원은 고객의 요청에 따라 컴퓨터나 프린터 및 스캐너와 같은 주변기기를 설치하거나 컴퓨터의 고장 사항을 확인하고 수리하는 일을 합니다.'),
                                               ('336', '운동선수', '운동선수는 축구, 야구, 테니스, 골프 등 각종 운동경기에서 선수로 활약합니다.'),
                                               ('10025', '스마트 그리드 엔지니어', '스마트 그리드 엔지니어는 전기를 생산, 운반, 소비하는 과정을 정보 통신 기술과 결합하여 지능형 전력망(스마트 그리드)을 개발합니다.'),
                                               ('207', '관세사', '관세사는 관세법과 관련 법령 등의 지식을 바탕으로 물건을 수출하거나 수입할 때 관련된 통관 업무를 수행합니다.'),
                                               ('1117', '청원경찰', '청원경찰은 공공기관의 기관장이나 사업체의 경영자에 요청에 의해 기관이나 사업장에 배치되어 기관 및 사업장의 재산이나 시설의 치안을 유지하며 절도, 폭력 등의 불법행위를 방지하는 일을 담당합니다.'),
                                               ('77', '건설기계운전원', '건설기계운전원은 건설 공사에 필요한 다양한 작업을 위해 각종 건설 기계를 운전합니다.'),
                                               ('467', '의료정보시스템개발자', '의료정보시스템개발자는 의료정보의 축적 및 검색, 의료기관 간의 상호 연결 또는 지역주민이 의료기관을 보다 편리하게 이용할 수 있도록 하는 정보시스템을 연구 및 개발하는 일을 합니다.'),
                                               ('337', '촬영기사', '촬영기사는 영화 카메라나 스튜디오 카메라 등으로 각종 물체나 대상을 촬영합니다.'),
                                               ('10026', '기후변화 대응 전문가', '기후변화 대응 전문가는 기후변화가 기업이나 정부 정책에 미치는 영향을 분석하고 대응 방안을 제시합니다.'),
                                               ('208', '국제무역사무원', '국제무역사무원은 무역학, 경영학 등의 지식을 바탕으로 무역에 필요한 계약, 결제 및 관련 법 규정 등에 대한 지식, 외국어 능력과 무역 실무 능력을 바탕으로 기업의 무역 사무 전반에 관한 업무를 담당합니다.'),
                                               ('1118', '무인경비시스템종사원', '무인경비시스템종사원은 가정이나 사업체에 설치되어 있는 보안 기기에 이상이 감지되면 현장에 출동하여 이상 원인을 확인 및 처리하여 상황을 정리하는 일을 담당합니다.'),
                                               ('81', '비파괴검사원', '비파괴검사원은 방사선, 초음파 등을 이용하여 구조물, 산업 설비 등의 성질과 결함 등을 검사하고 평가하는 일을 담당합니다.'),
                                               ('469', '고객관리시스템(CRM)전문가', '고객관리시스템전문가는 고객과 관련된 기업의 내외부 자료를 분석 및 통합하여 사용자의 특성에 기초한 기업의 영업 활동을 지원하기 위한 정보시스템을 연구하고 설계하는 일을 합니다.'),
                                               ('338', '출판물기획전문가', '출판물기획전문가는 독자가 원하는 출판물의 내용과 출판 시장 동향 등을 파악합니다.'),
                                               ('10027', '신재생에너지 전문가', '신재생에너지 전문가는 태양광, 풍력, 지열, 바이오에너지, 연료전지, 수소에너지 등을 이용하여 전기를 생산하고 이용하는 기술을 개발합니다.'),
                                               ('209', '국제회의전문가', '국제회의전문가는 국제회의의 기획 및 유치, 준비, 진행 등과 관련된 제반 업무를 조정 및 운영하며, 회의 목표를 설정하고 회의 운영과 관련된 예산을 관리하는 등의 업무도 담당합니다.'),
                                               ('1119', '구두미화원 및 수선원', '구두미화원 및 수선원은 고객의 구두에 묻은 각종 이물질을 제거하고 구두의 광택을 내는 일을 합니다.'),
                                               ('83', '산업공학기술자', '산업공학기술자는 기업경영에 대하여 사회과학적 전문 지식과 자연과학적 원리를 응용하여 경영의 여러 요소를 과학적으로 분석하고 조정하는 업무를 수행합니다.'),
                                               ('470', '전자상거래전문가', '전자상거래전문가는 정부, 기업, 개인 등이 인터넷 웹사이트를 통해 상품 및 서비스를 구매할 수 있는 전자상거래 시스템을 설계하고 만드는 일을 합니다.'),
                                               ('339', '캐릭터디자이너', '캐릭터디자이너는 각종 팬시 사업의 캐릭터, 애니메이션, 게임, 인기 연예인들의 특징적인 캐릭터를 창조하여 이를 장난감, 문구류 등 다양한 상품에 활용해 디자인하는 일을 담당합니다.'),
                                               ('10028', '스마트 재난 관리 전문가', '스마트재난관리전문가는 각종 스마트기기를 활용해서 신속하고 정확하게 재난에 대응할 수 있도록 도와줍니다.'),
                                               ('211', '농수산물중개인', '농수산물중개인은 농수산과 유통학에 관한 지식을 바탕으로 개인이나 생산자 단체별로 도매시장에 나온 농수산물의 경매와 판매 거래를 중개하는 일을 담당합니다.'),
                                               ('1120', '주차관리원', '주차관리원은 무료 또는 유료 주차 시설에서 효율적 주차장 사용을 위해 차량의 주차 공간을 안내하는 등의 운영 및 관리 업무를 담당합니다.'),
                                               ('84', '산업안전관리원', '산업안전관리원은 산업현장에서 근로자의 생명과 안전 보호를 위한 계획을 세우고, 종사자들에게 안전교육을 실시하여 각종 산업재해를 예방하는 업무를 수행합니다.'),
                                               ('474', '아이티(IT)기술영업원', '아이티(IT)기술영업원은 정보통신 제품에 대한 전문 지식을 활용하여 고객에게 적합한 제품을 소개하고, 판매하는 일을 합니다.'),
                                               ('340', '컬러리스트', '컬러리스트는 색채와 관련된 자료를 수집 및 분석하여 물건과 환경의 여러 가지 용도와 목적에 맞는 색채를 기획하고 적용합니다.'),
                                               ('10029', '블록체인 전문가', '블록체인 전문가는 누구나 열람할 수 있는 장부에 거래 내용을 공개적으로 기록하고 여러 대의 컴퓨터에 복제, 저장하는 기술인 블록체인 기술을 활용할 수 있는 분야와 산업을 찾고 이를 적용하기 위한 소프트웨어를 설계하고 개발합니다.'),
                                               ('212', '도시 및 교통설계전문가', '도시 및 교통설계전문가는 도시설계와 교통체계에 관한 지식을 바탕으로 기존 도시와 특정 단지의 재개발 또는 신도시 건설과 관련하여 도시 및 단지를 계획하고 설계합니다.'),
                                               ('1121', '이용사', '이용사는 주로 남성 고객을 대상으로 머리카락, 수염을 자르고 손질하는 등의 이용 서비스를 제공합니다.'),
                                               ('85', '상ㆍ하수도 처리장치 조작원', '상하수도 처리장치 조작원은 생활하수, 각종 폐수와 오수가 생활용수나 산업용수로 사용될 수 있도록 물 정화장치 등의 장비 및 기계를 조작하는 일을 합니다.'),
                                               ('475', '아이티(IT)교육강사', '아이티(IT)교육강사는 수강생들에게 컴퓨터 정보처리 기술이나 기타 컴퓨터 프로그램을 능숙하게 활용하기 위한 방법과 이론 등을 설명하거나 가르칩니다.'),
                                               ('344', '패션디자이너', '패션디자이너는 천(직물), 가죽, 비닐 등 여러 가지 소재로 남성복, 여성복, 아동복, 속옷 등 옷을 디자인합니다.'),
                                               ('10030', '디지털 포렌식 수사관', '디지털 포렌식 수사관은 PC나 노트북, 휴대폰 등 각종 저장 매체 또는 인터넷상에 남아 있는 디지털 정보를 수집하고 분석해 범죄 단서를 찾는 업무를 수행합니다.'),
                                               ('214', '바이어(구매인)', '바이어는 물류와 유통에 대한 지식을 바탕으로 도소매사업체에서 재판매를 하기 위해 공급자로부터 상품을 구매하거나 구매한 상품을 판매합니다.'),
                                               ('1122', '미용사', '미용사는 고객에게 적합한 헤어스타일을 연출하고, 염색, 파마 등 고객의 머리 손질과 관련된 서비스를 제공하는 일을 담당합니다.'),
                                               ('86', '생물공학연구원', '생물공학연구원은 미생물, 동식물, 효소를 이용하여 물질을 생산, 분해, 변환하고 이를 통해 얻은 지식과 기술을 인간 생활에 응용하는 연구를 담당합니다.'),
                                               ('476', '무선주파수(RF)엔지니어', '무선주파수(RF)엔지니어는 무선주파수(RF: Radio Frequency)를 이용하여 무선통신 장비들을 연구, 개발, 설계하는 일을 합니다.'),
                                               ('345', '패션코디네이터', '패션코디네이터는 방송이나 공연의 성격, 연예인의 취향을 고려하여 어울리는 의상과 소품(장신구 등)을 준비하고, 준비한 의상과 소품이 잘 조화될 수 있도록 연출하는 일을 합니다.'),
                                               ('10031', '클라우드 시스템 엔지니어', '클라우드 시스템 엔지니어는 인터넷의 서버에 각종 컴퓨터 프로그램을 올려 놓고 여러 이용자들이 인터넷에 접속하여 데이터를 저장하고 처리할 수 있는 기술을 개발합니다.'),
                                               ('215', '물류관리사', '물류관리사는 물류에 관한 전문 지식을 바탕으로 화물의 수송, 보관, 짐을 싣고 내리는 하역, 포장 등의 물류체계를 합리적으로 구축하거나 이에 대한 상담과 자문 업무를 담당합니다.'),
                                               ('1124', '혼례종사원', '혼례종사원은 결혼식의 원활한 진행을 위해 의자, 카펫 등을 정리하고 필요한 자료와 물품을 준비하는 등의 일을 담당합니다.'),
                                               ('87', '석공', '석공은 1차적으로 가공된 석재를 건축 내ㆍ외장재, 석축용 석재 또는 생활도구나 기념품 등의 목적에 따라 자르고, 다듬고, 만드는 일을 담당합니다.'),
                                               ('481', '교장', '교장은 초등학교나 중학교, 고등학교, 특수학교를 대표하는 책임자로서 학교의 교육, 행정 및 기타 운영 활동에 관련된 모든 제반 사항을 기획하고 조정하는 일을 합니다.'),
                                               ('346', '편집기사', '편집기사는 영화, 방송에 쓰이는 영상을 대본(시나리오)에 맞게 편집하는 일을 담당합니다.'),
                                               ('10032', '빅 데이터 전문가', '빅 데이터 전문가는 대량의 빅 데이터로 사람들의 행동이나 시장의 변화 등을 분석하는 데 도움이 되는 정보를 제공합니다.'),
                                               ('217', '보험계리인', '보험계리인은 보험 및 연금 분야 지식을 바탕으로 수학적인 방법을 적용해서 위험의 평가와 분석을 통하여 불확실한 사실을 종합적으로 해결하는 업무를 수행합니다.'),
                                               ('1125', '선박 및 열차객실승무원', '선박ㆍ열차객실승무원은 선박이나 열차에서 승객에게 음료나 간단한 식사를 제공하는 등 승객이 안전하고 편안하게 여행할 수 있도록 승객의 각종 편의를 도모합니다.'),
                                               ('88', '석유화학기술자', '석유화학기술자는 석유와 천연가스의 가공처리 과정에서 온도와 압력, 탱크 수위 등을 조절하기 위해 중앙제어장치를 조작하는 일을 합니다.'),
                                               ('539', '소음진동기술자', '소음진동기술자는 각종 공사 현장 등에서 기계 및 장비의 사용으로 인해 발생하는 소음과 진동을 측정하고, 생활환경을 오염시키는 소음과 진동을 최소화하거나 해소할 수 있는 방법에 대해 연구 및 개발하는 일을 합니다.'),
                                               ('347', '악기수리원 및 조율사', '악기수리원 및 조율사는 각종 악기의 파손된 부위를 수리하거나 조율합니다.'),
                                               ('10033', '크라우드 펀딩 전문가', '크라우드 펀딩은 군중 또는 다수를 의미하는 영어 단어 크라우드(crowd)와 자금 조달을 뜻하는 펀딩(funding)을 조합한 용어입니다.'),
                                               ('219', '부동산중개인', '부동산중개인은 부동산과 관련된 법률적 지식을 바탕으로 아파트, 건물, 토지 등에 대하여 팔기를 원하는 사람과 사려고 하는 사람 간의 매매, 교환, 임대차, 기타 권리의 이익과 손해(득실)변경에 대한 행위를 알선 또는 중개하고 일정한 보수를 받습니다.'),
                                               ('1126', '치어리더', '치어리더는 운동 경기장에서 흥겨운 음악이나 구호에 맞추어 춤을 추면서 관중의 흥과 응원을 유도하는 일을 담당합니다.'),
                                               ('90', '조선공학기술자', '조선공학기술자는 선박과 해저자원의 탐사 및 채굴을 목적으로 하는 해양구조물을 연구하고 해양구조물의 시공 및 관리 등과 관련된 일을 담당합니다.'),
                                               ('592', '크레인 및 호이스트운전원', '크레인 및 호이스트운전원은 제품, 중간 소재, 자재 등의 무거운 재료나 화물을 필요한 위치와 목적에 따라 운반하기 위해 크레인이나 호이스트를 운전하는 일을 합니다.'),
                                               ('348', '학예사(큐레이터)', '학예사(큐레이터)는 박물관이나 미술관에서 관람객을 위해 전시회를 기획하고 작품을 수집하며 관리를 담당합니다.'),
                                               ('10034', '사이버 평판 관리자', '사이버 평판 관리자는 주로 온라인에서 개인이나 기업과 관련된 사람들의 평가나 만족/불만족 내용과 같은 평판을 감시합니다.'),
                                               ('222', '생활설계사', '생활설계사는 금융보험에 대한 지식을 바탕으로 보험 가입 대상자를 선정 및 방문하여 각종 보험 상품의 종류와 특성을 설명하고, 고객의 생활수준, 가족 상황, 건강상태, 미래 계획 등을 파악하여 적합한 보험상품을 권유하는 일을 합니다.'),
                                               ('1127', '접객원', '접객원은 레스토랑이나 호텔 등에서 고객에게 음식이나 음료의 주문을 받고, 각종 서비스를 제공하는 일을 담당합니다.'),
                                               ('92', '선박정비원', '선박정비원은 선박기계를 정비, 점검하고 선박의 고장 상태를 확인하며 수리합니다.'),
                                               ('626', '여행상품개발원', '여행상품개발원은 새로운 여행 상품을 기획 및 개발하고 고객과 상담하는 일을 합니다.'),
                                               ('349', '화가', '화가는 물감, 먹물 등을 사용하여 인물화, 풍경화, 정물화, 추상화 등의 예술 작품을 창작합니다.'),
                                               ('10035', '사물 인터넷 전문가', '사물 인터넷 전문가는 우리 주변에 있는 사람, 사물, 공간과 관련된 데이터를 인터넷으로 연결하여 새로운 정보가 생성&middot;수집&middot;공유&middot;활용되도록 하고, 이를 통해 새롭게 가치 있는 것을 만들어 이전에 없던 편리함을 사람들에게 제공합니다.'),
                                               ('223', '선물중개인', '적정한 거래 시점을 파악하기 위해 국제 선물시장의 동향을 분석하여 고객에게 투자 상담 또는 시장 정보를 제공합니다.'),
                                               ('1128', '주방보조원', '주방보조원은 음식점, 학교, 레스토랑, 호텔 등에서 조리장이나 조리사의 지시에 따라 각종 조리 업무를 보조하는 일을 담당합니다.'),
                                               ('97', '시멘트제조원', '시멘트제조원은 석회석, 혈암, 석고 등의 재료를 혼합, 분쇄, 분말하는 기계를 조작하여 시멘트 제품 또는 콘크리트 제품을 제조하는 일을 담당합니다.'),
                                               ('740', '귀금속 및 보석세공원', '귀금속 및 보석세공원은 귀금속으로 장신구를 디자인하고 제작하는 일을 하거나 보석에 모양을 만들고 광택을 내는 일을 합니다.'),
                                               ('352', '가사도우미', '가사도우미는 가정에 방문하여 청소, 요리, 세탁 등의 일을 합니다.'),
                                               ('10036', '생체 인식 전문가', '생체 인식 전문가는 카메라, 스캐너 등의 센서 장치로 생체 정보(지문, 얼굴, 눈동자의 홍채, 정맥 등)를 파악하여, 이를 통해 본인임을 확인해 주는 장치를 만드는 일을 합니다.'),
                                               ('224', '세무사', '세무사는 세무에 대한 법률적 지식을 바탕으로 세금에 대한 상담과 자문을 하고, 의뢰인을 대리하여 세무에 대한 각종 서류를 작성하여 세무서에 신고, 신청, 청구하는 등의 일을 합니다.'),
                                               ('1129', '요리배달원', '요리배달원은 고객의 요구에 따라 주문한 요리를 고객이 원하는 장소까지 배달하는 일을 담당합니다.'),
                                               ('98', '신경회로망연구원', '신경회로망연구원은 영상 및 음성인식, 로봇 제어, 통신 등에 사용되는 인공지능형 반도체 및 응용기술을 연구하고 개발하는 일을 담당합니다.'),
                                               ('795', '호텔지배인', '호텔지배인은 객실 예약과 판매, 고객 안내, 식당 운영, 호텔 홍보 등 호텔에서 이루어지는 다양한 업무들이 잘 운영될 수 있도록 각종 활동을 계획하고, 호텔 종사원의 업무를 종합적으로 관리 및 감독하는 일을 합니다.'),
                                               ('353', '간병인', '간병인은 병원, 요양소, 산후조리원 등에서 환자의 보호자를 대신하여 환자를 간호하고 돌보는 일을 합니다.'),
                                               ('10037', '생물 정보 분석가', '생물 정보 분석가는 생물의 유전자에서 출발해 단백질, 세포, 기관, 인간 전체에서 나오는 생물학적인 정보를 수집하여 데이터로 만들고, 이를 발전시키는 작업을 합니다.'),
                                               ('226', '손해사정사', '손해사정사는 금융보험, 법률적 지식을 바탕으로 보험 가입자에게 사고로 인한 손해가 발생했을 때 그 손해액을 결정하고 보험금을 객관적이고 공정하게 계산하고 정하는 업무를 수행합니다.'),
                                               ('1130', '건설견적원', '건설견적원은 도로, 교량, 건축구조물, 전기 및 기계 설비 등의 공사 비용을 분석하고 이에 대한 견적서를 작성하는 일을 담당합니다.'),
                                               ('100', '압연원', '압연원은 금속재료를 회전하는 2개의 롤(roll) 사이로 통과시켜 여러 형태로 금속재료를 가공하는 일을 담당합니다.'),
                                               ('834', '시스템소프트웨어개발자', '시스템소프트웨어개발자는 컴퓨터를 작동시키고 각 부품의 활동을 조정, 통제, 관리하는 윈도우, 맥, 리눅스와 같은 오퍼레이팅시스템 소프트웨어를 연구, 개발, 설계하는 일을 합니다.'),
                                               ('354', '간호사', '간호사는 의사의 진료를 돕고, 의사의 처방이나 규정된 간호 기술에 따라 치료를 하고, 환자나 가족에게 치료와 질병에 대해 설명을 하고 전문적인 의료 활동을 수행합니다.'),
                                               ('10038', '로봇 윤리학자', '로봇 윤리학자는 로봇을 어떻게 만들어야 하며, 어떤 로봇이 윤리적으로 바람직하지 않은가에 대해 질문하고 여기에 대해 답을 찾는 연구를 합니다.'),
                                               ('230', '시장 및 여론조사전문가', '시장 및 여론조사전문가는 통계학, 경제학, 사회학 및 심리학 등의 전문 지식을 바탕으로 특정 상품이나 여론 및 선거, TV 시청률 등에 대한 조사와 연구를 실시하고, 조사 결과를 분석하여 보고서로 작성하는 일을 합니다.'),
                                               ('1131', '전통건축원', '전통건축원은 전통 건축기법을 이용하여 한옥, 사원, 궁궐 등의 전통 건축물을 설계하고 시공하는 일을 합니다.'),
                                               ('101', '영사기사', '영사기사는 영화가 상영될 수 있도록 필름을 영사기에 연결하고 가동하는 일을 담당합니다.'),
                                               ('911', '조명기사', '조명기사는 연극, 영화, 무용, 뮤지컬, 콘서트, 방송 드라마 등의 제작을 위해 조명 장치를 설치하고 조종하는 일을 합니다.'),
                                               ('355', '간호조무사', '간호조무사는 의료기관 등에서 의사 또는 간호사의 지시에 따라 환자의 간호 및 진로에 관련된 업무를 보조합니다.'),
                                               ('10039', '드론 전문가', '드론(drone)은 조종사 없이 무선으로 비행 및 조종이 가능한 비행기나 헬리콥터 모양의 무인 항공기를 말하며, 드론 전문가는 세부적으로 드론 개발자와 드론 조종사를 포함합니다.'),
                                               ('231', '신용조사원', '신용조사원은 경영과 경제적 지식을 바탕으로 기업이나 개인의 경영 상태와 신용도를 파악합니다.'),
                                               ('1132', '단열원', '단열원은 건물 벽, 보일러, 파이프 등의 단열재를 시공하여 건물 구조물의 열기 및 냉기의 손실을 막고 외부로부터의 소음을 최소화하는 일을 담당합니다.'),
                                               ('102', '용접원', '용접원은 각종 기계나 금속 구조물 및 압력 용기 등을 제작하기 위하여 금속과 비금속 재료를 용접기 등으로 열이나 압력을 가하여 접합합니다.'),
                                               ('914', '영화시나리오작가', '영화시나리오작가는 영화 제작을 위해 작품의 주제를 선정하고, 새로운 영화 대본을 창작하거나 기존의 작품(문학, 웹툰, 드라마 등)을 각색하여 대본을 집필합니다.'),
                                               ('356', '청소원', '청소원은 건물의 내부와 외부, 거리 및 기타 공공장소, 운송장비(자동차, 항공기, 선박 등) 등의 청소와 관련된 업무를 담당합니다.'),
                                               ('10040', '손실방지전문가', '손실방지전문가는 기업의 손실을 줄이고 안전을 유지하기 위해 시스템을 관리하는 업무를 수행합니다.'),
                                               ('232', '광고 및 홍보전문가', '광고 및 홍보전문가는 광고 기획, 마케팅에 대한 지식을 바탕으로 광고물을 제작하고 광고 행사를 기획하며 상품 판매 전략을 수립하고 홍보물을 제작합니다.'),
                                               ('1133', '유리부착원', '유리부착원은 건축물의 창문, 문, 진열장, 기타 틀에 부착할 각종 유리를 절단하고 부착합니다.'),
                                               ('104', '원자력연구원', '원자력연구원은 사람들과 산업체에 에너지를 제공하기 위해 사용되는 원자력의 안전한 이용 방법에 대해 연구하고 개발합니다.'),
                                               ('915', '음향기사', '음향기사는 세상에 존재하는 수많은 소리들을 이용해 영화나 드라마의 영상과 음원에 잘 어울릴 수 있도록 음향 장비를 다루고 조작하는 일을 합니다.'),
                                               ('358', '경비원', '경비원은 아파트, 주택, 사무실 등 각종 건물 및 시설물을 관리하며, 건물 내의 거주자들을 화재, 도난, 불법침입으로부터 보호하기 위해 출입자 통제, 내방객 안내 등의 업무를 담당합니다.'),
                                               ('10041', '소비생활어드바이저', '소비생활어드바이저는 기업, 행정 기관, 각종 단체 등의 상담 창구에서 소비자 불만 상담에 응하고, 소비자 의견, 동향 등을 파악하여 상품, 서비스를 개발하고 개선하는 업무를 수행합니다.'),
                                               ('233', '외교관', '외교관은 본국을 대표하여 외국에 파견되어 외국과의 교섭을 통해 정치, 경제, 상업적 이익의 보호와 증진을 추구하며, 해외동포와 해외여행을 하는 자국민을 보호합니다.'),
                                               ('1134', '메카트로닉스공학기술자', '메카트로닉스공학기술자는 의복, 식품, 자동차, 항공기 등 각종 제품들의 생산과정을 자동화하는 설비 기술을 연구하고 개발합니다.'),
                                               ('106', '유리제품제조원', '유리제품제조원은 규석, 석회석 등의 재료를 가공하여 유리 및 각종 유리 제품을 만드는 일을 담당합니다.'),
                                               ('916', '특수효과기술자', '특수효과기술자는 방송이나 영화에서 연출의 효과를 높이기 위해 컴퓨터 그래픽 프로그램을 이용해 다양한 배경과 특수효과들을 만드는 일을 합니다.'),
                                               ('359', '경찰관', '경찰관은 국민의 생명과 재산을 보호하는 역할을 합니다.'),
                                               ('10042', '문화여가사', '문화여가사는 문화와 여가에 관한 다양한 정보와 서비스를 제공함으로써 여가 시간을 알차게 보내는 방법을 알려주고 여가 생활을 지원하는 역할을 합니다.'),
                                               ('234', '외환딜러', '외환딜러는 국제금융 관련 지식을 바탕으로 달러화, 엔화, 마르크화 등 국제금융시장에서 통용되는 외환과 파생상품을 싼 시점에 사들이고 비쌀 때 팔아 그 차액을 남기는 일을 합니다.'),
                                               ('1135', '공구제조원', '공구제조원은 공구 제조에 대한 지식과 기술을 가지고 각종 금속공작기계 등을 사용하여 절삭 공구, 목공 공구, 다듬질 공구 등을 제작합니다.'),
                                               ('107', '인공위성개발원', '인공위성개발원은 우주탐사, 기상예보 등의 다양한 목적을 달성하기 위한 인공위성을 연구 및 개발하는 일을 담당합니다.'),
                                               ('917', '음반기획자', '음반기획자는 국외 음반 시장의 상황과 음반 구매자의 요구를 분석하고 제작할 음반의 주제와 내용을 기획하는 일을 합니다.'),
                                               ('360', '경호원', '경호원은 개인을 외부의 위협으로부터 보호하여 상해나 납치 등 위협으로부터 안전하게 경호하고 보호합니다.'),
                                               ('10043', '개인브랜드매니저', '개인브랜드매니저는 의뢰인이 사회 구성원으로서 원활하게 활동할 수 있도록 의뢰인이 개발하기를 원하는 기술과 능력, 지식에 대해 파악하고, 이러한 특징들을 의뢰인 스스로 인식할 수 있도록 돕는 역할을 수행합니다.'),
                                               ('236', '자동차영업원', '자동차영업원은 자동차에 대한 지식을 바탕으로 자동차 제조회사에서 생산된 자동차를 고객에게 판매하는 일을 담당합니다.'),
                                               ('1136', '항공기&middot;선박조립 및 검사원', '항공기ㆍ선박 조립 및 검사원은 항공기 또는 선박을 만들기 위해 외장 부분과 내부 부속품을 조립하는 일을 합니다.'),
                                               ('108', '인쇄기조작원', '인쇄기조작원은 활판, 평판 등의 인쇄기를 조작하여 책, 신문, 팸플릿 등의 각종 인쇄물을 생산합니다.'),
                                               ('920', '애니메이션기획자', '애니메이션기획자는 애니메이션의 제작에 필요한 각종 업무를 기획하고 조정하는 일을 합니다.'),
                                               ('362', '일반공무원', '일반공무원은 국가 또는 공공기관에 소속되어 행정 업무와 민원 업무 등 각종 업무를 수행합니다.'),
                                               ('10044', '개인관리컨설턴트', '개인관리컨설턴트는 건강관리, 자연치료, 다이어트 등과 같은 개인관리서비스를 전문적으로 제공합니다.'),
                                               ('238', '기업고위임원', '기업고위임원은 경영학적 지식을 바탕으로 기업의 기본 경영방침과 목표를 계획하고, 목표를 달성하기 위한 전략과 정책을 수립합니다.'),
                                               ('1137', '제관원', '제관원은 두꺼운 철판, 봉, 관 등의 재료를 설계 도면에 맞게 가공하여 보일러, 철 구조물, 금속 용기 등을 제작합니다.'),
                                               ('109', '자동차정비원', '자동차 정비원은 자동차를 검사, 정비, 수리합니다.'),
                                               ('922', '애니메이션작가', '애니메이션작가는 애니메이션의 전체적인 내용의 전개와 뼈대를 구성하고 이에 따라 이야기의 전체 흐름과 상세한 내용이 담긴 콘티 작업을 합니다.'),
                                               ('363', '교도관', '교도관은 교도소, 구치소 등 교정시설에서 수용자를 관리 및 감독하고, 교정 교육을 합니다.'),
                                               ('10045', '재활용코디네이터', '재활용코디네이터는 재활용을 통해 자원을 아끼기 위한 프로그램을 만들거나 실행하고 이에 관련된 기술을 개발합니다.'),
                                               ('239', '증권분석가', '증권분석가는 통계학, 경제학의 지식을 바탕으로 경제 동향을 파악하여 기업의 재무 상태나 신용도 등의 정보를 토대로 어음, 수표, 채권, 주권, 상품권과 같은 유가증권을 분석합니다.'),
                                               ('1138', '새시원', '새시원은 철재, 알루미늄, 스테인리스, 철사 등을 가공하여 창문틀, 새시, 철망문 등을 제작하고 시공하는 일을 담당합니다.'),
                                               ('110', '자동차조립원', '자동차조립원은 각종 자동차의 차체, 외&middot;내장품, 타이어, 유리 등의 부품들을 조립 및 부착하여 자동차를 완성하거나 완성된 자동차 조립품을 검사합니다.'),
                                               ('923', '게임기획자', '게임기획자는 PC 게임, 모바일 게임, 콘솔 게임 등 게임용 소프트웨어 제작과 관련된 모든 사항을 기획하고 감독합니다.'),
                                               ('364', '이공학계열교수', '이공학계열교수는 대학에서 이공학계열 과목을 강의하고, 학생들을 지도하며 자신의 전공 분야에 대한 지속적인 연구 활동을 합니다.'),
                                               ('10046', '동물보호보안관', '동물보호보안관은 동물 학대를 예방하고, 동물을 위험한 상황으로부터 보호하는 일을 합니다.'),
                                               ('240', '증권중개인', '증권중개인은 증권에 대한 지식을 바탕으로 증권의 거래 주문을 받아 일을 담당하는 중간자로서 증권을 사거나 팔고자 하는 고객의 주문을 증권 거래소에 등록하고 고객의 거래조건과 맞는 주문자를 찾아 연결해 주는 일을 합니다.'),
                                               ('1139', '단조원', '단조원은 해머나 단조프레스 등의 기계를 이용하여 쇠붙이와 같은 금속재료에 열을 가하고, 두들기거나 압력을 가하여 원하는 형태의 제품으로 가공하는 일을 담당합니다.'),
                                               ('112', '재료공학기술자', '재료공학기술자는 산업에서 사용하고 있는 금속 및 비금속 재료를 가공ㆍ처리하여 제조하는 일련의 제조공정을 연구ㆍ개발하고 기술을 지휘ㆍ감독합니다.'),
                                               ('926', '출판편집자', '출판편집자는 작가가 쓴 원고의 내용을 검토하고 작성 내용의 손상 없이 원고의 오타나 맞춤법 등을 수정하는 교정, 문법에 맞지 않는 문장을 고치는 교열, 글을 다듬는 윤문 작업을 합니다.'),
                                               ('365', '독서지도사', '초등학생, 중학생, 고등학생을 대상으로 독서교육 프로그램을 개발하고 교육하고 평가합니다.'),
                                               ('10047', '식품융합엔지니어', '식품융합엔지니어는 미래의 식량 부족 위기에 대비해서 생명과학과식품과학 기술, 전자 및 기계공학 기술 등의 융합을 통해 새로운 기능과 형태를 가진 식재료를 개발하는 일을 합니다.'),
                                               ('242', '텔레마케터', '텔레마케터는 마케팅에 대한 지식을 바탕으로 각종 상품을 전화 주문을 통해 판매하거나 직접 고객에게 전화를 걸어 상품을 홍보하고 판매하는 일을 담당합니다.'),
                                               ('1140', '도장원', '자동차, 선박, 가구 등의 다양한 제품의 표면에 페인트, 에나멜, 래커 또는 코팅 처리를 하는 분무 기기를 조작합니다.'),
                                               ('113', '전공', '전공은 발전소에서 주택이나 상가, 공장까지 전기가 안전하게 전달되어 사용될 수 있도록 각종 전력시설을 설치하고 수리합니다.'),
                                               ('927', '북디자이너', '북디자이너는 출판물의 앞뒤 표지와 내부를 디자인하거나 출판물의 내용 본문의 활자, 구성 및 그림 등을 편집하고 디자인하는 업무를 담당합니다.'),
                                               ('366', '레크리에이션지도자', '레크리에이션지도자는 캠프, 사교 모임 등에서 여가 활동을 즐길 수 있도록 다양한 오락 프로그램을 계획하고 진행하는 일을 담당합니다.'),
                                               ('10048', '수의테크니션', '수의테크니션은 동물병원이나 그 외 관련된 기관에서 수의사의 지도하에 동물의 간호 또는 진료를 보조하는 일을 합니다.'),
                                               ('243', '상점판매원', '상점판매원은 마케팅, 유통에 대한 지식을 바탕으로 고객에게 상품을 설명하고 판매하는 업무를 수행합니다.'),
                                               ('1141', '도금원', '금속제품의 부식과 마모를 방지하고 품질을 향상시키기 위해 제품 또는 부품의 표면에 금속이나 합금의 얇은 막을 입히는 일을 담당합니다.'),
                                               ('114', '전기공학기술자', '전기공학기술자는 전력, 자동화 및 제어 시스템, 엔지니어링 및 건설, 전기 설비 등의 분야에서 계획 설계 시공 및 감리 업무와 전력시설물의 유지 보수 및 안전관리 업무를 합니다.'),
                                               ('928', '영업원', '영업원은 아직 제품이나 서비스에 대해 구매 의사가 없는 사람이 구매를 할 수 있도록 권하거나 판매합니다.'),
                                               ('369', '물리치료사', '물리치료사는 의사의 진단 및 처방에 따라 운동, 온열, 전기, 마사지 등 신체의 통증을 완화하고 회복시키는 일을 합니다.'),
                                               ('10049', '무인항공기시스템개발자', '무인항공기시스템개발자는 무인항공기 시스템의 설계, 제조, 작동 및 유지에 필요한 활동을 합니다.'),
                                               ('244', '금융자산운용가(펀드매니저)', '금융자산운용가는 금융경영, 경제학 등의 지식을 바탕으로 투자신탁, 연금 등의 기관투자가나 개인투자가의 자산이 최대한의 투자수익을 올릴 수 있도록 투자전략에 대한 정보를 제공하고 계획을 세워 운용하며 전문 지식에 기초하여 증권사나 고객이 위탁한 자산을 운용합니다.'),
                                               ('1142', '의복수선원', '의복수선원은 고객의 요청에 따라 옷, 모자, 장갑 등 의류제품의 불량 상태를 개선하거나 의류제품의 치수나 길이를 조정하는 일을 담당합니다.'),
                                               ('119', '전자공학기술자', '전자공학기술자는 물리학 및 수학의 이론과 원리를 바탕으로 재료 속성에 대한 지식을 활용하여 전자제품을 설계 및 개발하고 생산관리 및 감독 업무를 합니다.'),
                                               ('929', '공예원', '공예원은 목재, 석재, 점토, 금속, 종이 등 다양한 소재를 가지고 손이나 도구를 이용하여 각종 수공예품이나 전통공예품을 만듭니다.'),
                                               ('370', '바텐더', '바텐더는 음료와 관련한 전문 지식을 갖추고 각종 술에 향신료, 과일 등을 섞어 고객의 취향에 맞는 칵테일 또는 음료를 만들어 제공합니다.'),
                                               ('10050', '지리정보시스템기사', '지리정보시스템 데이터베이스 설계, 유지, 수정 및 기술지원을 담당합니다.'),
                                               ('247', '네이미스트', '네이미스트는 문예 창작에 대한 지식을 바탕으로 기업명이나 상표, 도메인, 인명 등 전문적으로 이름을 짓습니다.'),
                                               ('1143', '의복제품검사원', '의복제품검사원은 가죽, 모피 및 기타 직물로 만들어진 각종 의류제품의 품질을 검사하고 등급을 매기는 일을 담당합니다.'),
                                               ('120', '전자장비설치 및 수리원', '전자장비설치 및 수리원은 환자 모니터링을 위한 의료기기나 신용카드 조회기 등의 전자 장비를 설치하고, 검사 계기를 이용하여 전자 장비의 고장 사항을 점검하고 수리합니다.'),
                                               ('933', '사회학연구원', '사회학연구원은 개인, 집단의 행동, 발달, 학교, 가정 등 여러 환경에서 발생하는 조직 및 사회적 상호작용, 원인과 결과 등을 연구하고 사회적 문제나 국가의 법, 제도, 정책에 대한 문제 해결 방법 및 정책적 대안 등을 탐색합니다.'),
                                               ('371', '택배원', '택배원은 고객이 주문한 상품이나 구매한 상품 등 각종 물품을 고객이 원하는 곳까지 운반하는 일을 합니다.'),
                                               ('10051', '데이터마이너', '데이터마이너는 데이터를 원하는 형태로 바꾸고 분석해서 필요한 정보를 찾아냅니다.'),
                                               ('252', '법률사무원', '법률사무원은 법률적 지식을 바탕으로 주로 변호사나 법무사, 변리사 등 법률 관련 전문가의 감독하에 관련 업무를 보조하고 처리하는 일을 담당합니다.'),
                                               ('1144', '발전장치조작원', '발전장치조작원은 화력발전, 수력발전, 원자력발전 분야에서 전기를 생산하고 전력 공급을 통제하는 기계 장비를 조작합니다.'),
                                               ('121', '전화설치 및 수리원', '전화설치 및 수리원은 이용자의 전화 이전 신청에 따라 전화를 이전하여 설치 및 연결해주거나 전화기의 고장 사항을 수리해 주는 일을 담당합니다.'),
                                               ('934', '사회단체활동가', '사회단체활동가는 국내나 국외의 정치, 복지, 주택, 고용, 여성, 청소년, 건강 등과 관련된 사회 문제들을 연구하고 평가하여 문제 해결을 위한 방법 및 정책을 제안하고, 이를 변화시키기 위한 사회운동을 합니다.'),
                                               ('372', '버스운전기사', '버스운전기사는 시내버스, 시외버스, 고속버스 등 노선버스나 관광버스를 운전하거나 학교, 기업체 등의 비영업용 버스를 운전하여 승객을 운송하는 일을 담당합니다.'),
                                               ('10052', '웹접근성컨설턴트', '누구나 손쉽게 웹사이트에 접근할 수 있도록 웹 접근성을 지키고 있는지를 확인하고 필요한 기업이나 기관을 대상으로 전문적인 조언과 지원을 합니다.'),
                                               ('253', '사무보조원', '사무보조원은 컴퓨터 문서 작업에 관한 지식을 바탕으로 기업체나 공공기관 사무직원의 업무를 보조하여 각종 문서 수신과 발신 및 정리, 전표 정리, 자료 복사 등의 일을 담당합니다.'),
                                               ('1145', '전기설비조작원', '전기설비조작원은 병원, 대학, 공공기관, 상업시설물 등 건물 내에 설치되어 있는 전기시설을 조작하여 건물 내 전기시스템이 원활하게 작동될 수 있도록 합니다.'),
                                               ('122', '정밀기기제품제조원', '정밀기기제품제조원은 각종 센서, 제어장치 등의 부품을 제작 및 조립하여 현미경, 시계, 카메라 등, 모양은 작지만 다양한 기능을 갖춘 기기들을 제조하는 일을 담당합니다.'),
                                               ('937', '시각디자이너', '시각디자이너는 다양한 정보가 시각으로 확인되는 이미지를 통해 효율적으로 표현되고 잘 전달될 수 있도록 이미지를 도안하고 표현합니다.'),
                                               ('373', '법무사', '다른 사람의 요청에 의해 법원과 검찰청에 제출할 서류를 작성하고 제출하며, 등기 및 공탁(법적인 절차에 따라 돈이나 증권을 공탁기관에 맡기는 것) 사건의 신청 대리에 관한 모든 업무를 수행합니다.'),
                                               ('10053', '산업카운슬러', '산업카운슬러는 기업의 환경에 따라 직원들의 정신적 문제를 파악하고 정신건강을 위한 전문적인 도움을 받을 수 있도록 상담하는 일을 합니다.'),
                                               ('255', '은행출납사무원', '은행출납사무원은 경영, 회계에 대한 지식을 바탕으로 고객을 상대로 공과금의 수납, 금전의 예치, 환전 및 지불 등의 업무를 담당합니다.'),
                                               ('1146', '전기 부품 및 제품 생산직', '전기 부품 및 제품 생산직은 건전지, 전동기, 발전기 등 전기 장비에 사용되는 부품을 제조하는 기계를 조작하여 생산과정이 원활히 진행될 수 있도록 관리합니다.'),
                                               ('125', '캐드원', '캐드원은 공학기술자나 설계사가 작성한 스케치와 명세서를 가지고 캐드(컴퓨터 지원 설계, CAD: Computer Aided Design)를 활용하여 건축토목용 시공도나 기계, 전기, 전자 장비 및 제품의 제조와 설치에 필요한 세부 도면을 작성합니다.'),
                                               ('938', '정보시스템운영자', '정보시스템운영자는 기업이나 기관에서 운영하고 있는 정보시스템을 안전하고 체계적으로 운영 및 관리하고 사용자들에게 서비스를 제공하는 일을 합니다.'),
                                               ('374', '변리사', '변리사는 새로운 기술의 발명이나 디자인, 상표 등의 특허권 취득을 위한 법률적인 부분과 기술적인 부분에 대한 상담 및 지원을 제공합니다.'),
                                               ('10054', '괴롭힘방지조언사', '괴롭힘방지조언사는 직장 내 구성원들의 대인관계에서 문제가 발생할 수 있는 원인을 분석하고, 예방 조치를 합니다.'),
                                               ('256', '보건의료정보관리사', '보건의료정보관리사는 보건 행정에 대한 지식을 바탕으로 이용자의 건강 및 질병과 관련된 자료를 수집하고 분석하고 관리합니다.'),
                                               ('1147', '방송장비(H/W)설치 및 수리원', '방송장비 설치 및 수리원은 사람들이 TV, 라디오, 케이블TV를 이용하는데 필요한 방송장비를 설치하고 수리하는 일을 담당합니다.'),
                                               ('126', '단순노무자', '단순노무자는 건설업이나 제조업, 유통업 등의 분야에서 제품이나 자재의 운반, 분류 및 단순 포장을 수행하거나 손이나 기계를 이용하여 구성품을 조립하는 등의 일을 담당합니다.'),
                                               ('941', '임상병리사', '임상병리사는 질병의 예방과 진단, 치료를 돕기 위해 환자의 혈액, 소변, 체액, 생체 조직 등을 이용하여 각종 의학적 검사를 수행하고 분석합니다.'),
                                               ('375', '변호사', '변호사는 개인 간의 다툼에 관련된 민사사건과 범죄 사건에 관련된 형사사건이 발생한 경우 개인이나 단체를 대신하여 법정에서 그들을 변호해 주는 일을 합니다.'),
                                               ('10055', '재능기부코디네이터', '재능기부코디네이터는 재능을 기부하려는 사람과 재능 기부가 필요한 사람을 연결해 줍니다.'),
                                               ('258', '회계사무원', '회계사무원은 회계학과 관련된 지식을 바탕으로 기업에서 이루어지는 수입과 지출 등 모든 거래 사항을 기록하고 정리하며 회계사의 업무를 지원합니다.'),
                                               ('1148', '통신설비설치 및 수리원', '통신설비설치 및 수리원은 유선전화, 휴대폰, 무선통신기, 무선전화 등의 각종 유선이나 무선통신장비를 설치하고 수리하는 일을 담당합니다.'),
                                               ('127', '주조원', '주조원은 제작하고자 하는 제품의 형태에 맞는 구조물(주형)에 금속을 가열하여 녹인 것(용탕)을 붓고 이를 냉각 및 응고하여 제품을 완성하는 일을 담당합니다.'),
                                               ('946', '카지노딜러', '카지노딜러는 카지노에서 고객의 편의를 위한 각종 서비스를 제공하거나 룰렛, 블랙잭, 바카라 등의 카지노 게임을 진행합니다.'),
                                               ('376', '보육교사', '보육교사는 어린이집, 놀이방 등 보육시설이나 아동복지시설에서 유아를 교육하고 보호합니다.'),
                                               ('10056', '장애인잡코치', '장애인잡코치는 장애가 있는 사람의 업무 능력을 평가하고 직장 알선, 직장 내 업무 조정, 업무 지원 등 장애인의 직장 생활을 위한 지원 업무를 담당합니다.'),
                                               ('260', '구성작가', '구성작가는 문예 창작과 관련된 지식을 바탕으로 드라마를 제외한 그 외 프로그램들의 기획과 구성, 대본 작성 등에 참여합니다.'),
                                               ('1149', '음료제조관련조작원', '음료제조관련조작원은 음료수나 기타 기호 식품을 생산하는 관련 제조기기 및 장치를 조작합니다.'),
                                               ('129', '직조원', '직조원은 섬유로부터 생산된 실을 이용하여 천 등의 직물을 만들어내는 기계 즉, 직기를 조작하는 일을 담당합니다.'),
                                               ('948', '컴퓨터하드웨어 기술자 및 연구원', '컴퓨터하드웨어 기술자 및 연구원은 컴퓨터시스템과 주변기기에 대한 지식을 바탕으로 컴퓨터 하드웨어 시스템을 설계하고 실제 생산에 필요한 기술을 지원합니다.'),
                                               ('378', '전문비서', '전문비서는 상사가 최대한의 업무 성과를 낼 수 있도록 일정을 계획, 관리, 조정하며, 최적의 조건에서 업무를 수행할 수 있도록 돕습니다.'),
                                               ('10057', '아동청소년시설보호사', '아동청소년시설보호사는 교정 시설에 거주하고 있는 아동 및 청소년을 관리, 감독하고 특별 활동을 제공합니다.'),
                                               ('261', '극작가', '극작가는 어문학적 지식을 바탕으로 연극을 공연하기 위해 연극 주제에 적합한 문학작품을 새롭게 창작하거나 기존의 문학작품을 선정하여 연극의 형식에 맞게 각색합니다.'),
                                               ('1150', '식품가공검사원', '식품가공검사원은 식품을 생산하고 조리하는 데 사용되는 원료와 최종 식품 생산품이 표준에 맞는지 검사하고 이에 대한 등급을 매기는 일을 담당합니다.'),
                                               ('131', '철골공', '철골공은 건물이나 다리, 댐 등의 건설에 사용되는 철재 골조나 구조 부품을 제작ㆍ수리하거나 철골재를 이용하여 건축시설물의 골조를 구성하는 일을 담당합니다.'),
                                               ('950', '투자분석가(애널리스트)', '투자분석가는 자신의 회사 혹은 회사의 고객들에게 금융 및 투자자문을 제공하기 위해 금융시장 정보를 수집, 분석합니다.'),
                                               ('379', '사회복지사', '사회복지사는 아동, 청소년, 노인, 장애인 등 다양한 사회적 보호가 필요한 사람들에게 사회복지제도를 활용하여 사회에 잘 적응할 수 있도록 도우며 사회복지 기획, 상담, 사례 관리, 자원 연결 등의 업무를 합니다.'),
                                               ('10058', '케어매니저', '케어매니저는 환자나 노인의 요양을 전문적으로 담당하는 전문가로, 요양원 이용자에게 제공하는 서비스를 총괄하고 조정합니다.');

insert into skill(skill_id, name) values
                                      (102001, '신체·운동 능력'),
                                      (102002, '손재능'),
                                      (102003, '공간지각력'),
                                      (102004, '음악능력'),
                                      (102005, '창의력'),
                                      (102006, '언어능력'),
                                      (102007, '수리·논리력'),
                                      (102008, '자기성찰능력'),
                                      (102009, '대인관계능력'),
                                      (102010, '자연친화력'),
                                      (102011, '예술시각능력');

insert into job_skill(job_id, skill_id) values
                                            ('10112', '102007'),
                                            ('10112', '102003'),
                                            ('10111', '102007'),
                                            ('10111', '102003'),
                                            ('10110', '102007'),
                                            ('10110', '102003'),
                                            ('10109', '102007'),
                                            ('10109', '102003'),
                                            ('10108', '102007'),
                                            ('10108', '102003'),
                                            ('10107', '102007'),
                                            ('10107', '102003'),
                                            ('10102', '102007'),
                                            ('10103', '102007'),
                                            ('10103', '102003'),
                                            ('10104', '102007'),
                                            ('10104', '102003'),
                                            ('10105', '102007'),
                                            ('10105', '102003'),
                                            ('10106', '102010'),
                                            ('10101', '102011'),
                                            ('10101', '102005'),
                                            ('262', '102006'),
                                            ('1151', '102002'),
                                            ('132', '102001'),
                                            ('951', '102009'),
                                            ('1', '102001'),
                                            ('380', '102008'),
                                            ('10059', '102008'),
                                            ('264', '102006'),
                                            ('1152', '102002'),
                                            ('133', '102002'),
                                            ('952', '102007'),
                                            ('952', '102003'),
                                            ('5', '102007'),
                                            ('383', '102001'),
                                            ('10060', '102008'),
                                            ('265', '102006'),
                                            ('1153', '102002'),
                                            ('137', '102007'),
                                            ('137', '102003'),
                                            ('954', '102010'),
                                            ('6', '102007'),
                                            ('384', '102008'),
                                            ('10061', '102009'),
                                            ('266', '102006'),
                                            ('266', '102005'),
                                            ('1154', '102010'),
                                            ('138', '102007'),
                                            ('138', '102003'),
                                            ('957', '102006'),
                                            ('957', '102005'),
                                            ('8', '102007'),
                                            ('385', '102001'),
                                            ('10062', '102008'),
                                            ('267', '102006'),
                                            ('267', '102005'),
                                            ('1155', '102010'),
                                            ('139', '102002'),
                                            ('963', '102010'),
                                            ('10', '102008'),
                                            ('10', '102007'),
                                            ('386', '102009'),
                                            ('10063', '102009'),
                                            ('268', '102009'),
                                            ('1156', '102010'),
                                            ('140', '102002'),
                                            ('966', '102001'),
                                            ('13', '102007'),
                                            ('388', '102009'),
                                            ('10064', '102007'),
                                            ('269', '102007'),
                                            ('269', '102006'),
                                            ('1157', '102010'),
                                            ('142', '102001'),
                                            ('968', '102006'),
                                            ('968', '102005'),
                                            ('15', '102008'),
                                            ('15', '102007'),
                                            ('390', '102001'),
                                            ('10065', '102009'),
                                            ('270', '102005'),
                                            ('1158', '102002'),
                                            ('143', '102002'),
                                            ('973', '102006'),
                                            ('973', '102005'),
                                            ('17', '102007'),
                                            ('391', '102001'),
                                            ('10066', '102003'),
                                            ('10066', '102002'),
                                            ('271', '102006'),
                                            ('1255', '102007'),
                                            ('144', '102002'),
                                            ('975', '102011'),
                                            ('19', '102002'),
                                            ('392', '102001'),
                                            ('10067', '102011'),
                                            ('10067', '102005'),
                                            ('272', '102007'),
                                            ('272', '102006'),
                                            ('1256', '102009'),
                                            ('145', '102002'),
                                            ('976', '102011'),
                                            ('20', '102007'),
                                            ('20', '102006'),
                                            ('395', '102009'),
                                            ('395', '102008'),
                                            ('10068', '102011'),
                                            ('10068', '102005'),
                                            ('273', '102007'),
                                            ('273', '102006'),
                                            ('1257', '102009'),
                                            ('147', '102002'),
                                            ('978', '102002'),
                                            ('21', '102009'),
                                            ('396', '102004'),
                                            ('10069', '102009'),
                                            ('278', '102006'),
                                            ('278', '102005'),
                                            ('1259', '102011'),
                                            ('1259', '102005'),
                                            ('148', '102003'),
                                            ('985', '102002'),
                                            ('23', '102008'),
                                            ('23', '102007'),
                                            ('397', '102001'),
                                            ('10070', '102011'),
                                            ('280', '102004'),
                                            ('1276', '102011'),
                                            ('1276', '102005'),
                                            ('149', '102002'),
                                            ('988', '102007'),
                                            ('988', '102006'),
                                            ('24', '102007'),
                                            ('398', '102009'),
                                            ('10071', '102010'),
                                            ('281', '102005'),
                                            ('1277', '102007'),
                                            ('1277', '102003'),
                                            ('150', '102003'),
                                            ('994', '102007'),
                                            ('25', '102008'),
                                            ('25', '102007'),
                                            ('400', '102001'),
                                            ('10072', '102011'),
                                            ('10072', '102005'),
                                            ('283', '102011'),
                                            ('283', '102005'),
                                            ('1278', '102008'),
                                            ('1278', '102007'),
                                            ('1278', '102006'),
                                            ('151', '102007'),
                                            ('151', '102003'),
                                            ('995', '102007'),
                                            ('995', '102003'),
                                            ('29', '102007'),
                                            ('401', '102009'),
                                            ('10073', '102010'),
                                            ('284', '102002'),
                                            ('1279', '102009'),
                                            ('153', '102002'),
                                            ('997', '102007'),
                                            ('30', '102007'),
                                            ('403', '102009'),
                                            ('10074', '102007'),
                                            ('10074', '102006'),
                                            ('285', '102011'),
                                            ('285', '102005'),
                                            ('1281', '102007'),
                                            ('1281', '102003'),
                                            ('155', '102002'),
                                            ('1004', '102007'),
                                            ('1004', '102003'),
                                            ('31', '102007'),
                                            ('404', '102009'),
                                            ('10075', '102008'),
                                            ('286', '102004'),
                                            ('1282', '102007'),
                                            ('1282', '102003'),
                                            ('157', '102007'),
                                            ('157', '102003'),
                                            ('1006', '102007'),
                                            ('1006', '102003'),
                                            ('32', '102007'),
                                            ('32', '102003'),
                                            ('405', '102009'),
                                            ('10076', '102007'),
                                            ('288', '102002'),
                                            ('1431', '102004'),
                                            ('159', '102002'),
                                            ('1007', '102007'),
                                            ('1007', '102003'),
                                            ('33', '102009'),
                                            ('406', '102008'),
                                            ('406', '102007'),
                                            ('406', '102006'),
                                            ('10077', '102009'),
                                            ('291', '102011'),
                                            ('291', '102005'),
                                            ('1432', '102007'),
                                            ('162', '102007'),
                                            ('162', '102003'),
                                            ('1009', '102007'),
                                            ('1009', '102003'),
                                            ('34', '102008'),
                                            ('34', '102007'),
                                            ('407', '102001'),
                                            ('10078', '102008'),
                                            ('10078', '102007'),
                                            ('10078', '102006'),
                                            ('293', '102002'),
                                            ('1433', '102011'),
                                            ('1433', '102005'),
                                            ('163', '102002'),
                                            ('1010', '102007'),
                                            ('1010', '102003'),
                                            ('36', '102007'),
                                            ('408', '102008'),
                                            ('10079', '102009'),
                                            ('294', '102005'),
                                            ('1436', '102007'),
                                            ('164', '102002'),
                                            ('1061', '102008'),
                                            ('1061', '102007'),
                                            ('1061', '102006'),
                                            ('37', '102008'),
                                            ('37', '102007'),
                                            ('409', '102009'),
                                            ('409', '102008'),
                                            ('10080', '102007'),
                                            ('295', '102002'),
                                            ('1437', '102006'),
                                            ('165', '102009'),
                                            ('1068', '102007'),
                                            ('38', '102007'),
                                            ('410', '102009'),
                                            ('410', '102008'),
                                            ('296', '102011'),
                                            ('296', '102005'),
                                            ('1438', '102003'),
                                            ('1438', '102002'),
                                            ('166', '102002'),
                                            ('1076', '102007'),
                                            ('1076', '102003'),
                                            ('39', '102007'),
                                            ('411', '102009'),
                                            ('298', '102001'),
                                            ('1439', '102011'),
                                            ('1439', '102005'),
                                            ('167', '102009'),
                                            ('1078', '102001'),
                                            ('40', '102007'),
                                            ('412', '102001'),
                                            ('299', '102007'),
                                            ('299', '102006'),
                                            ('1440', '102008'),
                                            ('1440', '102007'),
                                            ('169', '102009'),
                                            ('1080', '102007'),
                                            ('41', '102002'),
                                            ('413', '102008'),
                                            ('413', '102007'),
                                            ('413', '102006'),
                                            ('301', '102011'),
                                            ('301', '102005'),
                                            ('1441', '102006'),
                                            ('1441', '102005'),
                                            ('171', '102002'),
                                            ('1081', '102007'),
                                            ('1081', '102003'),
                                            ('42', '102007'),
                                            ('42', '102003'),
                                            ('414', '102008'),
                                            ('414', '102007'),
                                            ('414', '102006'),
                                            ('303', '102005'),
                                            ('1541', '102007'),
                                            ('172', '102002'),
                                            ('1087', '102002'),
                                            ('46', '102007'),
                                            ('46', '102003'),
                                            ('415', '102001'),
                                            ('304', '102001'),
                                            ('10001', '102007'),
                                            ('10001', '102003'),
                                            ('173', '102002'),
                                            ('1088', '102009'),
                                            ('47', '102002'),
                                            ('416', '102002'),
                                            ('305', '102011'),
                                            ('305', '102005'),
                                            ('10002', '102007'),
                                            ('10002', '102003'),
                                            ('174', '102010'),
                                            ('1089', '102008'),
                                            ('1089', '102007'),
                                            ('48', '102002'),
                                            ('417', '102009'),
                                            ('417', '102008'),
                                            ('306', '102002'),
                                            ('10003', '102011'),
                                            ('10003', '102005'),
                                            ('175', '102002'),
                                            ('1090', '102002'),
                                            ('49', '102002'),
                                            ('418', '102009'),
                                            ('309', '102011'),
                                            ('309', '102005'),
                                            ('10004', '102007'),
                                            ('10004', '102003'),
                                            ('176', '102001'),
                                            ('1092', '102007'),
                                            ('1092', '102003'),
                                            ('50', '102002'),
                                            ('419', '102009'),
                                            ('310', '102011'),
                                            ('10005', '102007'),
                                            ('10005', '102003'),
                                            ('177', '102011'),
                                            ('177', '102005'),
                                            ('1093', '102007'),
                                            ('52', '102002'),
                                            ('421', '102001'),
                                            ('311', '102002'),
                                            ('10006', '102002'),
                                            ('178', '102005'),
                                            ('1096', '102007'),
                                            ('53', '102007'),
                                            ('53', '102003'),
                                            ('426', '102001'),
                                            ('313', '102004'),
                                            ('10007', '102010'),
                                            ('179', '102002'),
                                            ('1097', '102003'),
                                            ('1097', '102002'),
                                            ('54', '102002'),
                                            ('427', '102009'),
                                            ('314', '102005'),
                                            ('10008', '102010'),
                                            ('180', '102002'),
                                            ('1100', '102009'),
                                            ('56', '102007'),
                                            ('56', '102003'),
                                            ('428', '102009'),
                                            ('316', '102011'),
                                            ('316', '102005'),
                                            ('10009', '102002'),
                                            ('182', '102010'),
                                            ('1101', '102009'),
                                            ('57', '102007'),
                                            ('57', '102003'),
                                            ('429', '102007'),
                                            ('429', '102003'),
                                            ('317', '102004'),
                                            ('10010', '102009'),
                                            ('183', '102010'),
                                            ('1102', '102008'),
                                            ('1102', '102007'),
                                            ('1102', '102006'),
                                            ('58', '102002'),
                                            ('430', '102007'),
                                            ('318', '102004'),
                                            ('10011', '102008'),
                                            ('186', '102010'),
                                            ('1103', '102007'),
                                            ('1103', '102006'),
                                            ('59', '102004'),
                                            ('431', '102007'),
                                            ('319', '102010'),
                                            ('10012', '102009'),
                                            ('187', '102010'),
                                            ('1104', '102007'),
                                            ('1104', '102006'),
                                            ('61', '102010'),
                                            ('435', '102007'),
                                            ('320', '102011'),
                                            ('320', '102005'),
                                            ('10013', '102009'),
                                            ('189', '102010'),
                                            ('1105', '102007'),
                                            ('1105', '102006'),
                                            ('63', '102002'),
                                            ('440', '102007'),
                                            ('321', '102009'),
                                            ('10014', '102008'),
                                            ('10014', '102007'),
                                            ('190', '102002'),
                                            ('1106', '102009'),
                                            ('1106', '102008'),
                                            ('64', '102011'),
                                            ('64', '102005'),
                                            ('441', '102011'),
                                            ('441', '102005'),
                                            ('322', '102011'),
                                            ('322', '102005'),
                                            ('10015', '102009'),
                                            ('192', '102010'),
                                            ('1107', '102009'),
                                            ('65', '102002'),
                                            ('443', '102011'),
                                            ('443', '102005'),
                                            ('323', '102011'),
                                            ('323', '102005'),
                                            ('10016', '102009'),
                                            ('193', '102007'),
                                            ('193', '102003'),
                                            ('1108', '102007'),
                                            ('1108', '102003'),
                                            ('66', '102007'),
                                            ('66', '102003'),
                                            ('444', '102007'),
                                            ('325', '102011'),
                                            ('325', '102005'),
                                            ('10017', '102001'),
                                            ('195', '102007'),
                                            ('195', '102003'),
                                            ('1109', '102011'),
                                            ('1109', '102005'),
                                            ('68', '102002'),
                                            ('450', '102007'),
                                            ('326', '102011'),
                                            ('326', '102005'),
                                            ('10018', '102009'),
                                            ('198', '102007'),
                                            ('1110', '102003'),
                                            ('69', '102002'),
                                            ('452', '102009'),
                                            ('327', '102011'),
                                            ('327', '102005'),
                                            ('10019', '102011'),
                                            ('10019', '102005'),
                                            ('199', '102008'),
                                            ('199', '102007'),
                                            ('199', '102006'),
                                            ('1111', '102001'),
                                            ('70', '102002'),
                                            ('457', '102006'),
                                            ('457', '102005'),
                                            ('328', '102004'),
                                            ('10020', '102011'),
                                            ('10020', '102005'),
                                            ('201', '102009'),
                                            ('1112', '102001'),
                                            ('72', '102002'),
                                            ('458', '102011'),
                                            ('458', '102005'),
                                            ('332', '102011'),
                                            ('332', '102005'),
                                            ('10021', '102011'),
                                            ('10021', '102005'),
                                            ('202', '102007'),
                                            ('1113', '102009'),
                                            ('73', '102007'),
                                            ('73', '102003'),
                                            ('459', '102009'),
                                            ('333', '102011'),
                                            ('333', '102005'),
                                            ('10022', '102011'),
                                            ('10022', '102005'),
                                            ('203', '102007'),
                                            ('203', '102006'),
                                            ('1114', '102009'),
                                            ('74', '102002'),
                                            ('462', '102009'),
                                            ('334', '102011'),
                                            ('334', '102005'),
                                            ('10023', '102011'),
                                            ('10023', '102005'),
                                            ('205', '102008'),
                                            ('205', '102007'),
                                            ('205', '102006'),
                                            ('1115', '102009'),
                                            ('75', '102002'),
                                            ('465', '102007'),
                                            ('465', '102003'),
                                            ('335', '102004'),
                                            ('10024', '102007'),
                                            ('10024', '102003'),
                                            ('206', '102007'),
                                            ('1116', '102009'),
                                            ('76', '102011'),
                                            ('76', '102005'),
                                            ('466', '102007'),
                                            ('466', '102003'),
                                            ('336', '102001'),
                                            ('10025', '102007'),
                                            ('10025', '102003'),
                                            ('207', '102007'),
                                            ('1117', '102001'),
                                            ('77', '102001'),
                                            ('467', '102007'),
                                            ('337', '102011'),
                                            ('10026', '102007'),
                                            ('10026', '102003'),
                                            ('208', '102007'),
                                            ('1118', '102001'),
                                            ('81', '102007'),
                                            ('81', '102003'),
                                            ('469', '102007'),
                                            ('338', '102011'),
                                            ('338', '102005'),
                                            ('10027', '102007'),
                                            ('10027', '102003'),
                                            ('209', '102009'),
                                            ('1119', '102002'),
                                            ('83', '102007'),
                                            ('83', '102003'),
                                            ('470', '102007'),
                                            ('339', '102011'),
                                            ('339', '102005'),
                                            ('10028', '102007'),
                                            ('10028', '102003'),
                                            ('211', '102009'),
                                            ('1120', '102009'),
                                            ('84', '102007'),
                                            ('84', '102003'),
                                            ('474', '102009'),
                                            ('340', '102011'),
                                            ('340', '102005'),
                                            ('10029', '102007'),
                                            ('10029', '102003'),
                                            ('212', '102007'),
                                            ('212', '102003'),
                                            ('1121', '102002'),
                                            ('85', '102002'),
                                            ('475', '102008'),
                                            ('475', '102007'),
                                            ('344', '102011'),
                                            ('344', '102005'),
                                            ('10030', '102008'),
                                            ('10030', '102007'),
                                            ('10030', '102006'),
                                            ('214', '102007'),
                                            ('1122', '102002'),
                                            ('86', '102007'),
                                            ('476', '102007'),
                                            ('476', '102003'),
                                            ('345', '102011'),
                                            ('345', '102005'),
                                            ('10031', '102007'),
                                            ('10031', '102003'),
                                            ('215', '102007'),
                                            ('1124', '102009'),
                                            ('87', '102002'),
                                            ('481', '102008'),
                                            ('481', '102007'),
                                            ('481', '102006'),
                                            ('346', '102011'),
                                            ('10032', '102007'),
                                            ('10032', '102003'),
                                            ('217', '102007'),
                                            ('1125', '102009'),
                                            ('88', '102007'),
                                            ('88', '102003'),
                                            ('539', '102010'),
                                            ('347', '102004'),
                                            ('10033', '102007'),
                                            ('219', '102009'),
                                            ('1126', '102001'),
                                            ('90', '102007'),
                                            ('90', '102003'),
                                            ('592', '102001'),
                                            ('348', '102011'),
                                            ('348', '102005'),
                                            ('10034', '102009'),
                                            ('222', '102009'),
                                            ('1127', '102009'),
                                            ('92', '102002'),
                                            ('626', '102009'),
                                            ('349', '102011'),
                                            ('349', '102005'),
                                            ('10035', '102007'),
                                            ('10035', '102003'),
                                            ('223', '102007'),
                                            ('1128', '102002'),
                                            ('97', '102002'),
                                            ('740', '102011'),
                                            ('740', '102005'),
                                            ('352', '102009'),
                                            ('10036', '102007'),
                                            ('10036', '102003'),
                                            ('224', '102007'),
                                            ('1129', '102001'),
                                            ('98', '102007'),
                                            ('98', '102003'),
                                            ('795', '102009'),
                                            ('353', '102009'),
                                            ('10037', '102007'),
                                            ('10037', '102003'),
                                            ('226', '102007'),
                                            ('1130', '102007'),
                                            ('1130', '102003'),
                                            ('100', '102002'),
                                            ('834', '102007'),
                                            ('354', '102009'),
                                            ('10038', '102007'),
                                            ('10038', '102003'),
                                            ('230', '102007'),
                                            ('1131', '102002'),
                                            ('101', '102011'),
                                            ('911', '102011'),
                                            ('355', '102009'),
                                            ('10039', '102007'),
                                            ('10039', '102003'),
                                            ('231', '102007'),
                                            ('1132', '102002'),
                                            ('102', '102002'),
                                            ('914', '102006'),
                                            ('914', '102005'),
                                            ('356', '102009'),
                                            ('10040', '102007'),
                                            ('232', '102006'),
                                            ('1133', '102002'),
                                            ('104', '102007'),
                                            ('104', '102003'),
                                            ('915', '102004'),
                                            ('358', '102009'),
                                            ('10041', '102009'),
                                            ('233', '102008'),
                                            ('233', '102007'),
                                            ('233', '102006'),
                                            ('1134', '102007'),
                                            ('1134', '102003'),
                                            ('106', '102002'),
                                            ('916', '102011'),
                                            ('916', '102005'),
                                            ('359', '102001'),
                                            ('10042', '102008'),
                                            ('234', '102007'),
                                            ('1135', '102002'),
                                            ('107', '102007'),
                                            ('107', '102003'),
                                            ('917', '102004'),
                                            ('360', '102001'),
                                            ('10043', '102009'),
                                            ('236', '102009'),
                                            ('1136', '102002'),
                                            ('108', '102002'),
                                            ('920', '102011'),
                                            ('920', '102005'),
                                            ('362', '102009'),
                                            ('10044', '102009'),
                                            ('238', '102007'),
                                            ('1137', '102002'),
                                            ('109', '102002'),
                                            ('922', '102006'),
                                            ('922', '102005'),
                                            ('363', '102001'),
                                            ('10045', '102010'),
                                            ('239', '102007'),
                                            ('1138', '102002'),
                                            ('110', '102002'),
                                            ('923', '102011'),
                                            ('923', '102005'),
                                            ('364', '102007'),
                                            ('10046', '102010'),
                                            ('240', '102007'),
                                            ('1139', '102002'),
                                            ('112', '102007'),
                                            ('112', '102003'),
                                            ('926', '102006'),
                                            ('365', '102009'),
                                            ('365', '102008'),
                                            ('10047', '102007'),
                                            ('10047', '102003'),
                                            ('242', '102009'),
                                            ('1140', '102002'),
                                            ('113', '102007'),
                                            ('113', '102003'),
                                            ('927', '102011'),
                                            ('927', '102005'),
                                            ('366', '102005'),
                                            ('10048', '102009'),
                                            ('243', '102009'),
                                            ('1141', '102002'),
                                            ('114', '102007'),
                                            ('114', '102003'),
                                            ('928', '102009'),
                                            ('369', '102009'),
                                            ('10049', '102007'),
                                            ('10049', '102003'),
                                            ('244', '102007'),
                                            ('1142', '102002'),
                                            ('119', '102007'),
                                            ('119', '102003'),
                                            ('929', '102011'),
                                            ('929', '102005'),
                                            ('370', '102009'),
                                            ('10050', '102007'),
                                            ('10050', '102003'),
                                            ('247', '102006'),
                                            ('247', '102005'),
                                            ('1143', '102002'),
                                            ('120', '102002'),
                                            ('933', '102007'),
                                            ('933', '102006'),
                                            ('371', '102001'),
                                            ('10051', '102007'),
                                            ('252', '102009'),
                                            ('1144', '102002'),
                                            ('121', '102002'),
                                            ('934', '102008'),
                                            ('372', '102001'),
                                            ('10052', '102007'),
                                            ('253', '102009'),
                                            ('1145', '102002'),
                                            ('122', '102002'),
                                            ('937', '102011'),
                                            ('937', '102005'),
                                            ('373', '102008'),
                                            ('373', '102007'),
                                            ('373', '102006'),
                                            ('10053', '102009'),
                                            ('255', '102007'),
                                            ('1146', '102002'),
                                            ('125', '102002'),
                                            ('938', '102007'),
                                            ('374', '102008'),
                                            ('374', '102007'),
                                            ('374', '102006'),
                                            ('10054', '102008'),
                                            ('256', '102009'),
                                            ('1147', '102002'),
                                            ('126', '102002'),
                                            ('941', '102008'),
                                            ('941', '102007'),
                                            ('375', '102008'),
                                            ('375', '102007'),
                                            ('375', '102006'),
                                            ('10055', '102008'),
                                            ('258', '102007'),
                                            ('1148', '102002'),
                                            ('127', '102002'),
                                            ('946', '102003'),
                                            ('946', '102002'),
                                            ('376', '102009'),
                                            ('376', '102008'),
                                            ('10056', '102008'),
                                            ('260', '102006'),
                                            ('260', '102005'),
                                            ('1149', '102002'),
                                            ('129', '102002'),
                                            ('948', '102007'),
                                            ('948', '102003'),
                                            ('378', '102009'),
                                            ('10057', '102001'),
                                            ('261', '102006'),
                                            ('261', '102005'),
                                            ('1150', '102002'),
                                            ('131', '102002'),
                                            ('950', '102007'),
                                            ('379', '102008'),
                                            ('10058', '102008');


insert into school(school_id, name) values
    (1, 'oo 고등학교');

insert into grade(school_id, level) values
                                        (1, 1),
                                        (1, 2),
                                        (1, 3);

insert into classes(school_id, level, class_number) values
                                                        (1, 1, 1),
                                                        (1, 1, 2),
                                                        (1, 1, 3),
                                                        (1, 2, 1),
                                                        (1, 2, 2),
                                                        (1, 2, 3),
                                                        (1, 3, 1),
                                                        (1, 3, 2),
                                                        (1, 3, 3);

insert into member(member_id, uuid, name, role, school_id, level, class_number, created_at, modified_at, is_deleted) values
                                                                                                                         (1, '5a1e826e-2a44-4fea-98b2-bb96887b9737', '선생', 'ROLE_TEACHER', 1, 3, 1, current_time, current_time, false),
                                                                                                                         (2, '78954910-7440-4241-bd9d-ca3abc44d291', '학생1', 'ROLE_STUDENT', 1, 3, 1, current_time, current_time, false),
                                                                                                                         (3, 'df83a11e-fb42-48a2-b1c7-57c767b61efc', '학생2', 'ROLE_STUDENT', 1, 3, 1, current_time, current_time, false);

insert into teacher(member_id) values
    (1);

insert into student(member_id, student_number, src) values
                                                        (2, 1, 'image'),
                                                        (3, 2, 'image');

